City_ID,City,Lat,Lng,Max Temp,Humidity,Cloudiness,Wind Speed,Country,Date
0,atuona,51.51,-0.13,288.15,82,1,3.6,GB,1592535305
1,mataura,51.51,-0.13,288.15,82,1,3.6,GB,1592535310
2,toliary,51.51,-0.13,288.15,82,1,3.6,GB,1592535380
3,sitka,51.51,-0.13,288.15,82,1,3.6,GB,1592535489
4,kodiak,51.51,-0.13,288.15,82,1,3.6,GB,1592535489
5,souillac,51.51,-0.13,288.15,82,1,3.6,GB,1592535305
6,belushya guba,51.51,-0.13,288.15,82,1,3.6,GB,1592535310
7,bluff,51.51,-0.13,288.15,82,1,3.6,GB,1592535489
8,nosy varika,51.51,-0.13,288.15,82,1,3.6,GB,1592535305
9,lupiro,51.51,-0.13,288.15,82,1,3.6,GB,1592535489
10,albany,51.51,-0.13,288.15,82,1,3.6,GB,1592535380
11,castro,51.51,-0.13,288.15,82,1,3.6,GB,1592535380
12,busselton,51.51,-0.13,288.15,82,1,3.6,GB,1592535305
13,salalah,51.51,-0.13,288.15,82,1,3.6,GB,1592535310
14,hermanus,51.51,-0.13,288.15,82,1,3.6,GB,1592535380
15,ushuaia,51.51,-0.13,288.15,82,1,3.6,GB,1592535380
16,puerto ayora,51.51,-0.13,288.15,82,1,3.6,GB,1592535380
17,qaanaaq,51.51,-0.13,288.15,82,1,3.6,GB,1592535305
18,kruisfontein,51.51,-0.13,288.15,82,1,3.6,GB,1592535310
19,marystown,51.51,-0.13,288.15,82,1,3.6,GB,1592535310
20,luanda,51.51,-0.13,288.15,82,1,3.6,GB,1592535380
21,correntina,51.51,-0.13,288.15,82,1,3.6,GB,1592535305
22,dunedin,51.51,-0.13,288.15,82,1,3.6,GB,1592535489
23,butaritari,51.51,-0.13,288.15,82,1,3.6,GB,1592535310
24,rikitea,51.51,-0.13,288.15,82,1,3.6,GB,1592535305
25,jacareacanga,51.51,-0.13,288.15,82,1,3.6,GB,1592535310
26,nome,51.51,-0.13,288.15,82,1,3.6,GB,1592535380
27,georgetown,51.51,-0.13,288.15,82,1,3.6,GB,1592535310
28,barentsburg,51.51,-0.13,288.15,82,1,3.6,GB,1592535305
29,longyearbyen,51.51,-0.13,288.15,82,1,3.6,GB,1592535305
30,karymskoye,51.51,-0.13,288.15,82,1,3.6,GB,1592535489
31,nishihara,51.51,-0.13,288.15,82,1,3.6,GB,1592535305
32,attawapiskat,51.51,-0.13,288.15,82,1,3.6,GB,1592535305
33,severo-kurilsk,51.51,-0.13,288.15,82,1,3.6,GB,1592535305
34,port alfred,51.51,-0.13,288.15,82,1,3.6,GB,1592535489
35,ouadda,51.51,-0.13,288.15,82,1,3.6,GB,1592535305
36,port hedland,51.51,-0.13,288.15,82,1,3.6,GB,1592535310
37,vasilyevskiy mokh,51.51,-0.13,288.15,82,1,3.6,GB,1592535305
38,kamina,51.51,-0.13,288.15,82,1,3.6,GB,1592535380
39,pemberton,51.51,-0.13,288.15,82,1,3.6,GB,1592535310
40,esperance,51.51,-0.13,288.15,82,1,3.6,GB,1592535489
41,mys shmidta,51.51,-0.13,288.15,82,1,3.6,GB,1592535489
42,punta arenas,51.51,-0.13,288.15,82,1,3.6,GB,1592535305
43,high rock,51.51,-0.13,288.15,82,1,3.6,GB,1592535380
44,izyaslav,51.51,-0.13,288.15,82,1,3.6,GB,1592535380
45,clyde river,51.51,-0.13,288.15,82,1,3.6,GB,1592535380
46,bethel,51.51,-0.13,288.15,82,1,3.6,GB,1592535380
47,nikolskoye,51.51,-0.13,288.15,82,1,3.6,GB,1592535380
48,morant bay,51.51,-0.13,288.15,82,1,3.6,GB,1592535380
49,amderma,51.51,-0.13,288.15,82,1,3.6,GB,1592535305
50,vasto,51.51,-0.13,288.15,82,1,3.6,GB,1592535310
51,mandalgovi,51.51,-0.13,288.15,82,1,3.6,GB,1592535380
52,bahir dar,51.51,-0.13,288.15,82,1,3.6,GB,1592535310
53,tigzirt,51.51,-0.13,288.15,82,1,3.6,GB,1592535380
54,broome,51.51,-0.13,288.15,82,1,3.6,GB,1592535310
55,fortuna,51.51,-0.13,288.15,82,1,3.6,GB,1592535380
56,talnakh,51.51,-0.13,288.15,82,1,3.6,GB,1592535305
57,flin flon,51.51,-0.13,288.15,82,1,3.6,GB,1592535310
58,nanakuli,51.51,-0.13,288.15,82,1,3.6,GB,1592535489
59,pocone,51.51,-0.13,288.15,82,1,3.6,GB,1592535489
60,avarua,51.51,-0.13,288.15,82,1,3.6,GB,1592535305
61,mahebourg,51.51,-0.13,288.15,82,1,3.6,GB,1592535310
62,san quintin,51.51,-0.13,288.15,82,1,3.6,GB,1592535489
63,provideniya,51.51,-0.13,288.15,82,1,3.6,GB,1592535305
64,vila velha,51.51,-0.13,288.15,82,1,3.6,GB,1592535489
65,bontang,51.51,-0.13,288.15,82,1,3.6,GB,1592535305
66,bredasdorp,51.51,-0.13,288.15,82,1,3.6,GB,1592535489
67,narsaq,51.51,-0.13,288.15,82,1,3.6,GB,1592535310
68,paamiut,51.51,-0.13,288.15,82,1,3.6,GB,1592535305
69,constitucion,51.51,-0.13,288.15,82,1,3.6,GB,1592535489
70,lebanon,51.51,-0.13,288.15,82,1,3.6,GB,1592535305
71,tromso,51.51,-0.13,288.15,82,1,3.6,GB,1592535310
72,hilo,51.51,-0.13,288.15,82,1,3.6,GB,1592535489
73,sabha,51.51,-0.13,288.15,82,1,3.6,GB,1592535380
74,orgun,51.51,-0.13,288.15,82,1,3.6,GB,1592535305
75,bengkulu,51.51,-0.13,288.15,82,1,3.6,GB,1592535305
76,verkhnevilyuysk,51.51,-0.13,288.15,82,1,3.6,GB,1592535489
77,imbituba,51.51,-0.13,288.15,82,1,3.6,GB,1592535310
78,kavieng,51.51,-0.13,288.15,82,1,3.6,GB,1592535310
79,caldwell,51.51,-0.13,288.15,82,1,3.6,GB,1592535305
80,kailua,51.51,-0.13,288.15,82,1,3.6,GB,1592535310
81,kautokeino,51.51,-0.13,288.15,82,1,3.6,GB,1592535380
82,taganak,51.51,-0.13,288.15,82,1,3.6,GB,1592535489
83,samusu,51.51,-0.13,288.15,82,1,3.6,GB,1592535305
84,hobart,51.51,-0.13,288.15,82,1,3.6,GB,1592535310
85,northam,51.51,-0.13,288.15,82,1,3.6,GB,1592535305
86,lebu,51.51,-0.13,288.15,82,1,3.6,GB,1592535380
87,bandarbeyla,51.51,-0.13,288.15,82,1,3.6,GB,1592535380
88,shelburne,51.51,-0.13,288.15,82,1,3.6,GB,1592535489
89,jamestown,51.51,-0.13,288.15,82,1,3.6,GB,1592535305
90,hithadhoo,51.51,-0.13,288.15,82,1,3.6,GB,1592535489
91,cape town,51.51,-0.13,288.15,82,1,3.6,GB,1592535310
92,achisay,51.51,-0.13,288.15,82,1,3.6,GB,1592535380
93,yellowknife,51.51,-0.13,288.15,82,1,3.6,GB,1592535380
94,pitimbu,51.51,-0.13,288.15,82,1,3.6,GB,1592535305
95,foumban,51.51,-0.13,288.15,82,1,3.6,GB,1592535489
96,vardo,51.51,-0.13,288.15,82,1,3.6,GB,1592535380
97,ostrovnoy,51.51,-0.13,288.15,82,1,3.6,GB,1592535310
98,ulladulla,51.51,-0.13,288.15,82,1,3.6,GB,1592535380
99,thompson,51.51,-0.13,288.15,82,1,3.6,GB,1592535489
100,port blair,51.51,-0.13,288.15,82,1,3.6,GB,1592535310
101,nelson bay,51.51,-0.13,288.15,82,1,3.6,GB,1592535305
102,taolanaro,51.51,-0.13,288.15,82,1,3.6,GB,1592535305
103,ponta do sol,51.51,-0.13,288.15,82,1,3.6,GB,1592535380
104,grootfontein,51.51,-0.13,288.15,82,1,3.6,GB,1592535380
105,orchard homes,51.51,-0.13,288.15,82,1,3.6,GB,1592535305
106,ostrov,51.51,-0.13,288.15,82,1,3.6,GB,1592535310
107,charters towers,51.51,-0.13,288.15,82,1,3.6,GB,1592535310
108,mweka,51.51,-0.13,288.15,82,1,3.6,GB,1592535310
109,pevek,51.51,-0.13,288.15,82,1,3.6,GB,1592535305
110,grindavik,51.51,-0.13,288.15,82,1,3.6,GB,1592535305
111,yatou,51.51,-0.13,288.15,82,1,3.6,GB,1592535305
112,meulaboh,51.51,-0.13,288.15,82,1,3.6,GB,1592535380
113,marshall,51.51,-0.13,288.15,82,1,3.6,GB,1592535305
114,ribeira grande,51.51,-0.13,288.15,82,1,3.6,GB,1592535305
115,caravelas,51.51,-0.13,288.15,82,1,3.6,GB,1592535380
116,tiksi,51.51,-0.13,288.15,82,1,3.6,GB,1592535380
117,lander,51.51,-0.13,288.15,82,1,3.6,GB,1592535305
118,mbacke,51.51,-0.13,288.15,82,1,3.6,GB,1592535489
119,bocaranga,51.51,-0.13,288.15,82,1,3.6,GB,1592535305
120,yerbogachen,51.51,-0.13,288.15,82,1,3.6,GB,1592535489
121,bargal,51.51,-0.13,288.15,82,1,3.6,GB,1592535489
122,olafsvik,51.51,-0.13,288.15,82,1,3.6,GB,1592535310
123,tamboril,51.51,-0.13,288.15,82,1,3.6,GB,1592535310
124,gordeyevka,51.51,-0.13,288.15,82,1,3.6,GB,1592535489
125,lagoa,51.51,-0.13,288.15,82,1,3.6,GB,1592535310
126,tasiilaq,51.51,-0.13,288.15,82,1,3.6,GB,1592535305
127,new norfolk,51.51,-0.13,288.15,82,1,3.6,GB,1592535305
128,port elizabeth,51.51,-0.13,288.15,82,1,3.6,GB,1592535380
129,dong hoi,51.51,-0.13,288.15,82,1,3.6,GB,1592535310
130,saint-philippe,51.51,-0.13,288.15,82,1,3.6,GB,1592535380
131,skjervoy,51.51,-0.13,288.15,82,1,3.6,GB,1592535489
132,selenduma,51.51,-0.13,288.15,82,1,3.6,GB,1592535489
133,dire,51.51,-0.13,288.15,82,1,3.6,GB,1592535305
134,walvis bay,51.51,-0.13,288.15,82,1,3.6,GB,1592535310
135,atar,51.51,-0.13,288.15,82,1,3.6,GB,1592535305
136,kahului,51.51,-0.13,288.15,82,1,3.6,GB,1592535310
137,shepsi,51.51,-0.13,288.15,82,1,3.6,GB,1592535380
138,freeport,51.51,-0.13,288.15,82,1,3.6,GB,1592535489
139,coihaique,51.51,-0.13,288.15,82,1,3.6,GB,1592535305
140,cooma,51.51,-0.13,288.15,82,1,3.6,GB,1592535305
141,vallenar,51.51,-0.13,288.15,82,1,3.6,GB,1592535305
142,moose factory,51.51,-0.13,288.15,82,1,3.6,GB,1592535380
143,sisimiut,51.51,-0.13,288.15,82,1,3.6,GB,1592535489
144,abtenau,51.51,-0.13,288.15,82,1,3.6,GB,1592535489
145,kapaa,51.51,-0.13,288.15,82,1,3.6,GB,1592535305
146,saleaula,51.51,-0.13,288.15,82,1,3.6,GB,1592535310
147,saskylakh,51.51,-0.13,288.15,82,1,3.6,GB,1592535305
148,east london,51.51,-0.13,288.15,82,1,3.6,GB,1592535310
149,aswan,51.51,-0.13,288.15,82,1,3.6,GB,1592535310
150,mahibadhoo,51.51,-0.13,288.15,82,1,3.6,GB,1592535489
151,phumi samraong,51.51,-0.13,288.15,82,1,3.6,GB,1592535380
152,bolungarvik,51.51,-0.13,288.15,82,1,3.6,GB,1592535489
153,haines junction,51.51,-0.13,288.15,82,1,3.6,GB,1592535310
154,saint anthony,51.51,-0.13,288.15,82,1,3.6,GB,1592535489
155,mehamn,51.51,-0.13,288.15,82,1,3.6,GB,1592535310
156,luderitz,51.51,-0.13,288.15,82,1,3.6,GB,1592535489
157,katsuura,51.51,-0.13,288.15,82,1,3.6,GB,1592535310
158,port-cartier,51.51,-0.13,288.15,82,1,3.6,GB,1592535305
159,hasaki,51.51,-0.13,288.15,82,1,3.6,GB,1592535489
160,rio grande,51.51,-0.13,288.15,82,1,3.6,GB,1592535489
161,barrow,51.51,-0.13,288.15,82,1,3.6,GB,1592535489
162,harbour breton,51.51,-0.13,288.15,82,1,3.6,GB,1592535310
163,codrington,51.51,-0.13,288.15,82,1,3.6,GB,1592535310
164,kaitangata,51.51,-0.13,288.15,82,1,3.6,GB,1592535305
165,hualmay,51.51,-0.13,288.15,82,1,3.6,GB,1592535380
166,kirkuk,51.51,-0.13,288.15,82,1,3.6,GB,1592535380
167,bambous virieux,51.51,-0.13,288.15,82,1,3.6,GB,1592535310
168,marcona,51.51,-0.13,288.15,82,1,3.6,GB,1592535380
169,honiara,51.51,-0.13,288.15,82,1,3.6,GB,1592535489
170,wajima,51.51,-0.13,288.15,82,1,3.6,GB,1592535305
171,belaya gora,51.51,-0.13,288.15,82,1,3.6,GB,1592535305
172,imeni babushkina,51.51,-0.13,288.15,82,1,3.6,GB,1592535380
173,port augusta,51.51,-0.13,288.15,82,1,3.6,GB,1592535380
174,ucluelet,51.51,-0.13,288.15,82,1,3.6,GB,1592535305
175,berlevag,51.51,-0.13,288.15,82,1,3.6,GB,1592535380
176,gondar,51.51,-0.13,288.15,82,1,3.6,GB,1592535380
177,liberty,51.51,-0.13,288.15,82,1,3.6,GB,1592535380
178,nanortalik,51.51,-0.13,288.15,82,1,3.6,GB,1592535380
179,norman wells,51.51,-0.13,288.15,82,1,3.6,GB,1592535489
180,chuy,51.51,-0.13,288.15,82,1,3.6,GB,1592535305
181,santa isabel do rio negro,51.51,-0.13,288.15,82,1,3.6,GB,1592535310
182,boyuibe,51.51,-0.13,288.15,82,1,3.6,GB,1592535489
183,jinchengjiang,51.51,-0.13,288.15,82,1,3.6,GB,1592535305
184,san cristobal,51.51,-0.13,288.15,82,1,3.6,GB,1592535380
185,la ronge,51.51,-0.13,288.15,82,1,3.6,GB,1592535489
186,madras,51.51,-0.13,288.15,82,1,3.6,GB,1592535310
187,stephenville,51.51,-0.13,288.15,82,1,3.6,GB,1592535380
188,cabo san lucas,51.51,-0.13,288.15,82,1,3.6,GB,1592535310
189,santa branca,51.51,-0.13,288.15,82,1,3.6,GB,1592535305
190,puerto ayacucho,51.51,-0.13,288.15,82,1,3.6,GB,1592535380
191,vaini,51.51,-0.13,288.15,82,1,3.6,GB,1592535305
192,maureni,51.51,-0.13,288.15,82,1,3.6,GB,1592535310
193,vila franca do campo,51.51,-0.13,288.15,82,1,3.6,GB,1592535305
194,puerto escondido,51.51,-0.13,288.15,82,1,3.6,GB,1592535489
195,muros,51.51,-0.13,288.15,82,1,3.6,GB,1592535305
196,belyy,51.51,-0.13,288.15,82,1,3.6,GB,1592535380
197,santa cruz de tenerife,51.51,-0.13,288.15,82,1,3.6,GB,1592535310
198,solnechnyy,51.51,-0.13,288.15,82,1,3.6,GB,1592535380
199,chernyshevskiy,51.51,-0.13,288.15,82,1,3.6,GB,1592535380
200,tuktoyaktuk,51.51,-0.13,288.15,82,1,3.6,GB,1592535380
201,mezen,51.51,-0.13,288.15,82,1,3.6,GB,1592535489
202,vieques,51.51,-0.13,288.15,82,1,3.6,GB,1592535380
203,ixtapa,51.51,-0.13,288.15,82,1,3.6,GB,1592535305
204,grand-santi,51.51,-0.13,288.15,82,1,3.6,GB,1592535489
205,angoche,51.51,-0.13,288.15,82,1,3.6,GB,1592535380
206,itoman,51.51,-0.13,288.15,82,1,3.6,GB,1592535380
207,cayenne,51.51,-0.13,288.15,82,1,3.6,GB,1592535310
208,sao filipe,51.51,-0.13,288.15,82,1,3.6,GB,1592535380
209,illoqqortoormiut,51.51,-0.13,288.15,82,1,3.6,GB,1592535380
210,conakry,51.51,-0.13,288.15,82,1,3.6,GB,1592535380
211,teknaf,51.51,-0.13,288.15,82,1,3.6,GB,1592535305
212,carnarvon,51.51,-0.13,288.15,82,1,3.6,GB,1592535489
213,porbandar,51.51,-0.13,288.15,82,1,3.6,GB,1592535305
214,mar del plata,51.51,-0.13,288.15,82,1,3.6,GB,1592535489
215,humboldt,51.51,-0.13,288.15,82,1,3.6,GB,1592535305
216,malwan,51.51,-0.13,288.15,82,1,3.6,GB,1592535310
217,nizhneyansk,51.51,-0.13,288.15,82,1,3.6,GB,1592535489
218,victoria,51.51,-0.13,288.15,82,1,3.6,GB,1592535380
219,antofagasta,51.51,-0.13,288.15,82,1,3.6,GB,1592535305
220,lahti,51.51,-0.13,288.15,82,1,3.6,GB,1592535310
221,mae hong son,51.51,-0.13,288.15,82,1,3.6,GB,1592535489
222,zhanatas,51.51,-0.13,288.15,82,1,3.6,GB,1592535310
223,aasiaat,51.51,-0.13,288.15,82,1,3.6,GB,1592535310
224,bafq,51.51,-0.13,288.15,82,1,3.6,GB,1592535305
225,lavrentiya,51.51,-0.13,288.15,82,1,3.6,GB,1592535489
226,cradock,51.51,-0.13,288.15,82,1,3.6,GB,1592535380
227,noshiro,51.51,-0.13,288.15,82,1,3.6,GB,1592535380
228,ilulissat,51.51,-0.13,288.15,82,1,3.6,GB,1592535310
229,westpunt,51.51,-0.13,288.15,82,1,3.6,GB,1592535489
230,husavik,51.51,-0.13,288.15,82,1,3.6,GB,1592535310
231,natal,51.51,-0.13,288.15,82,1,3.6,GB,1592535310
232,khatanga,51.51,-0.13,288.15,82,1,3.6,GB,1592535380
233,dikson,51.51,-0.13,288.15,82,1,3.6,GB,1592535305
234,praia da vitoria,51.51,-0.13,288.15,82,1,3.6,GB,1592535305
235,havelock,51.51,-0.13,288.15,82,1,3.6,GB,1592535305
236,quelimane,51.51,-0.13,288.15,82,1,3.6,GB,1592535310
237,havre-saint-pierre,51.51,-0.13,288.15,82,1,3.6,GB,1592535489
238,grand centre,51.51,-0.13,288.15,82,1,3.6,GB,1592535305
239,chumikan,51.51,-0.13,288.15,82,1,3.6,GB,1592535380
240,ancud,51.51,-0.13,288.15,82,1,3.6,GB,1592535489
241,guerrero negro,51.51,-0.13,288.15,82,1,3.6,GB,1592535305
242,isiro,51.51,-0.13,288.15,82,1,3.6,GB,1592535380
243,flinders,51.51,-0.13,288.15,82,1,3.6,GB,1592535310
244,ondjiva,51.51,-0.13,288.15,82,1,3.6,GB,1592535489
245,gafanha da encarnacao,51.51,-0.13,288.15,82,1,3.6,GB,1592535310
246,blytheville,51.51,-0.13,288.15,82,1,3.6,GB,1592535380
247,lisieux,51.51,-0.13,288.15,82,1,3.6,GB,1592535380
248,ambilobe,51.51,-0.13,288.15,82,1,3.6,GB,1592535310
249,lompoc,51.51,-0.13,288.15,82,1,3.6,GB,1592535305
250,riyadh,51.51,-0.13,288.15,82,1,3.6,GB,1592535489
251,pauini,51.51,-0.13,288.15,82,1,3.6,GB,1592535310
252,nueva guinea,51.51,-0.13,288.15,82,1,3.6,GB,1592535489
253,bud,51.51,-0.13,288.15,82,1,3.6,GB,1592535489
254,los llanos de aridane,51.51,-0.13,288.15,82,1,3.6,GB,1592535305
255,tukan,51.51,-0.13,288.15,82,1,3.6,GB,1592535305
256,sept-iles,51.51,-0.13,288.15,82,1,3.6,GB,1592535310
257,okhotsk,51.51,-0.13,288.15,82,1,3.6,GB,1592535305
258,samut songkhram,51.51,-0.13,288.15,82,1,3.6,GB,1592535489
259,srednekolymsk,51.51,-0.13,288.15,82,1,3.6,GB,1592535380
260,vanavara,51.51,-0.13,288.15,82,1,3.6,GB,1592535489
261,pierre,51.51,-0.13,288.15,82,1,3.6,GB,1592535380
262,winnemucca,51.51,-0.13,288.15,82,1,3.6,GB,1592535310
263,tura,51.51,-0.13,288.15,82,1,3.6,GB,1592535489
264,bubaque,51.51,-0.13,288.15,82,1,3.6,GB,1592535489
265,balabac,51.51,-0.13,288.15,82,1,3.6,GB,1592535310
266,necochea,51.51,-0.13,288.15,82,1,3.6,GB,1592535305
267,grand river south east,51.51,-0.13,288.15,82,1,3.6,GB,1592535310
268,mahon,51.51,-0.13,288.15,82,1,3.6,GB,1592535380
269,topaipi,51.51,-0.13,288.15,82,1,3.6,GB,1592535380
270,grand gaube,51.51,-0.13,288.15,82,1,3.6,GB,1592535305
271,minot,51.51,-0.13,288.15,82,1,3.6,GB,1592535310
272,upernavik,51.51,-0.13,288.15,82,1,3.6,GB,1592535310
273,veselynove,51.51,-0.13,288.15,82,1,3.6,GB,1592535489
274,dalbandin,51.51,-0.13,288.15,82,1,3.6,GB,1592535310
275,chardara,51.51,-0.13,288.15,82,1,3.6,GB,1592535310
276,pantelho,51.51,-0.13,288.15,82,1,3.6,GB,1592535305
277,poros,51.51,-0.13,288.15,82,1,3.6,GB,1592535310
278,varzea alegre,51.51,-0.13,288.15,82,1,3.6,GB,1592535489
279,kalmunai,51.51,-0.13,288.15,82,1,3.6,GB,1592535380
280,samoded,51.51,-0.13,288.15,82,1,3.6,GB,1592535310
281,brae,51.51,-0.13,288.15,82,1,3.6,GB,1592535489
282,taitung,51.51,-0.13,288.15,82,1,3.6,GB,1592535310
283,san policarpo,51.51,-0.13,288.15,82,1,3.6,GB,1592535310
284,fairbanks,51.51,-0.13,288.15,82,1,3.6,GB,1592535380
285,zhanjiang,51.51,-0.13,288.15,82,1,3.6,GB,1592535310
286,samarai,51.51,-0.13,288.15,82,1,3.6,GB,1592535380
287,inuvik,51.51,-0.13,288.15,82,1,3.6,GB,1592535380
288,manokwari,51.51,-0.13,288.15,82,1,3.6,GB,1592535310
289,adrar,51.51,-0.13,288.15,82,1,3.6,GB,1592535310
290,safaga,51.51,-0.13,288.15,82,1,3.6,GB,1592535489
291,nhulunbuy,51.51,-0.13,288.15,82,1,3.6,GB,1592535305
292,pando,51.51,-0.13,288.15,82,1,3.6,GB,1592535489
293,pathein,51.51,-0.13,288.15,82,1,3.6,GB,1592535305
294,marsabit,51.51,-0.13,288.15,82,1,3.6,GB,1592535380
295,havoysund,51.51,-0.13,288.15,82,1,3.6,GB,1592535310
296,novoyegoryevskoye,51.51,-0.13,288.15,82,1,3.6,GB,1592535489
297,conceicao do araguaia,51.51,-0.13,288.15,82,1,3.6,GB,1592535305
298,pietersburg,51.51,-0.13,288.15,82,1,3.6,GB,1592535305
299,torbay,51.51,-0.13,288.15,82,1,3.6,GB,1592535310
300,melnikovo,51.51,-0.13,288.15,82,1,3.6,GB,1592535310
301,mumford,51.51,-0.13,288.15,82,1,3.6,GB,1592535310
302,touros,51.51,-0.13,288.15,82,1,3.6,GB,1592535489
303,arraial do cabo,51.51,-0.13,288.15,82,1,3.6,GB,1592535310
304,san patricio,51.51,-0.13,288.15,82,1,3.6,GB,1592535310
305,khandyga,51.51,-0.13,288.15,82,1,3.6,GB,1592535489
306,port hardy,51.51,-0.13,288.15,82,1,3.6,GB,1592535489
307,vao,51.51,-0.13,288.15,82,1,3.6,GB,1592535380
308,boddam,51.51,-0.13,288.15,82,1,3.6,GB,1592535305
309,amilly,51.51,-0.13,288.15,82,1,3.6,GB,1592535380
310,lorengau,51.51,-0.13,288.15,82,1,3.6,GB,1592535489
311,zambezi,51.51,-0.13,288.15,82,1,3.6,GB,1592535489
312,kimbe,51.51,-0.13,288.15,82,1,3.6,GB,1592535310
313,lucapa,51.51,-0.13,288.15,82,1,3.6,GB,1592535380
314,hoopstad,51.51,-0.13,288.15,82,1,3.6,GB,1592535305
315,kirakira,51.51,-0.13,288.15,82,1,3.6,GB,1592535380
316,umzimvubu,51.51,-0.13,288.15,82,1,3.6,GB,1592535310
317,iqaluit,51.51,-0.13,288.15,82,1,3.6,GB,1592535489
318,vila,51.51,-0.13,288.15,82,1,3.6,GB,1592535489
319,tsihombe,51.51,-0.13,288.15,82,1,3.6,GB,1592535489
320,agadez,51.51,-0.13,288.15,82,1,3.6,GB,1592535310
321,tabory,51.51,-0.13,288.15,82,1,3.6,GB,1592535489
322,loralai,51.51,-0.13,288.15,82,1,3.6,GB,1592535310
323,fort nelson,51.51,-0.13,288.15,82,1,3.6,GB,1592535380
324,tezu,51.51,-0.13,288.15,82,1,3.6,GB,1592535380
325,cartagena,51.51,-0.13,288.15,82,1,3.6,GB,1592535305
326,murgab,51.51,-0.13,288.15,82,1,3.6,GB,1592535305
327,skowhegan,51.51,-0.13,288.15,82,1,3.6,GB,1592535305
328,ballina,51.51,-0.13,288.15,82,1,3.6,GB,1592535380
329,airai,51.51,-0.13,288.15,82,1,3.6,GB,1592535310
330,leningradskiy,51.51,-0.13,288.15,82,1,3.6,GB,1592535489
331,vysokogornyy,51.51,-0.13,288.15,82,1,3.6,GB,1592535489
332,north bend,51.51,-0.13,288.15,82,1,3.6,GB,1592535489
333,quatre cocos,51.51,-0.13,288.15,82,1,3.6,GB,1592535310
334,newport,51.51,-0.13,288.15,82,1,3.6,GB,1592535310
335,portland,51.51,-0.13,288.15,82,1,3.6,GB,1592535310
336,kazalinsk,51.51,-0.13,288.15,82,1,3.6,GB,1592535310
337,gao,51.51,-0.13,288.15,82,1,3.6,GB,1592535305
338,hudiksvall,51.51,-0.13,288.15,82,1,3.6,GB,1592535489
339,porto novo,51.51,-0.13,288.15,82,1,3.6,GB,1592535305
340,richards bay,51.51,-0.13,288.15,82,1,3.6,GB,1592535489
341,kamenskoye,51.51,-0.13,288.15,82,1,3.6,GB,1592535310
342,brisbane,51.51,-0.13,288.15,82,1,3.6,GB,1592535310
343,camanducaia,51.51,-0.13,288.15,82,1,3.6,GB,1592535380
344,da lat,51.51,-0.13,288.15,82,1,3.6,GB,1592535310
345,te anau,51.51,-0.13,288.15,82,1,3.6,GB,1592535380
346,kodinsk,51.51,-0.13,288.15,82,1,3.6,GB,1592535310
347,yanam,51.51,-0.13,288.15,82,1,3.6,GB,1592535489
348,ambulu,51.51,-0.13,288.15,82,1,3.6,GB,1592535310
349,duderstadt,51.51,-0.13,288.15,82,1,3.6,GB,1592535489
350,ust-nera,51.51,-0.13,288.15,82,1,3.6,GB,1592535310
351,alotau,51.51,-0.13,288.15,82,1,3.6,GB,1592535489
352,barawe,51.51,-0.13,288.15,82,1,3.6,GB,1592535489
353,mount gambier,51.51,-0.13,288.15,82,1,3.6,GB,1592535305
354,zhezkazgan,51.51,-0.13,288.15,82,1,3.6,GB,1592535305
355,tahe,51.51,-0.13,288.15,82,1,3.6,GB,1592535489
356,faanui,51.51,-0.13,288.15,82,1,3.6,GB,1592535380
357,cidreira,51.51,-0.13,288.15,82,1,3.6,GB,1592535489
358,huarmey,51.51,-0.13,288.15,82,1,3.6,GB,1592535305
359,guaruja,51.51,-0.13,288.15,82,1,3.6,GB,1592535380
360,khailar,51.51,-0.13,288.15,82,1,3.6,GB,1592535305
361,pacific grove,51.51,-0.13,288.15,82,1,3.6,GB,1592535305
362,khorixas,51.51,-0.13,288.15,82,1,3.6,GB,1592535489
363,cockburn town,51.51,-0.13,288.15,82,1,3.6,GB,1592535305
364,karratha,51.51,-0.13,288.15,82,1,3.6,GB,1592535489
365,albertville,51.51,-0.13,288.15,82,1,3.6,GB,1592535489
366,moyale,51.51,-0.13,288.15,82,1,3.6,GB,1592535380
367,saint-georges,51.51,-0.13,288.15,82,1,3.6,GB,1592535380
368,zlotow,51.51,-0.13,288.15,82,1,3.6,GB,1592535489
369,chamrajnagar,51.51,-0.13,288.15,82,1,3.6,GB,1592535489
370,iskateley,51.51,-0.13,288.15,82,1,3.6,GB,1592535489
371,krasnoselkup,51.51,-0.13,288.15,82,1,3.6,GB,1592535489
372,torres,51.51,-0.13,288.15,82,1,3.6,GB,1592535310
373,prince rupert,51.51,-0.13,288.15,82,1,3.6,GB,1592535380
374,yining,51.51,-0.13,288.15,82,1,3.6,GB,1592535305
375,hambantota,51.51,-0.13,288.15,82,1,3.6,GB,1592535310
376,ampanihy,51.51,-0.13,288.15,82,1,3.6,GB,1592535380
377,nalut,51.51,-0.13,288.15,82,1,3.6,GB,1592535489
378,smidovich,51.51,-0.13,288.15,82,1,3.6,GB,1592535380
379,scarborough,51.51,-0.13,288.15,82,1,3.6,GB,1592535380
380,raudeberg,51.51,-0.13,288.15,82,1,3.6,GB,1592535380
381,juneau,51.51,-0.13,288.15,82,1,3.6,GB,1592535489
382,cotacachi,51.51,-0.13,288.15,82,1,3.6,GB,1592535305
383,lodhikheda,51.51,-0.13,288.15,82,1,3.6,GB,1592535305
384,manbij,51.51,-0.13,288.15,82,1,3.6,GB,1592535310
385,galesong,51.51,-0.13,288.15,82,1,3.6,GB,1592535489
386,eureka,51.51,-0.13,288.15,82,1,3.6,GB,1592535489
387,sobolevo,51.51,-0.13,288.15,82,1,3.6,GB,1592535310
388,vagur,51.51,-0.13,288.15,82,1,3.6,GB,1592535305
389,dera ismail khan,51.51,-0.13,288.15,82,1,3.6,GB,1592535310
390,naugarzan,51.51,-0.13,288.15,82,1,3.6,GB,1592535380
391,tshikapa,51.51,-0.13,288.15,82,1,3.6,GB,1592535380
392,portoferraio,51.51,-0.13,288.15,82,1,3.6,GB,1592535305
393,marsh harbour,51.51,-0.13,288.15,82,1,3.6,GB,1592535489
394,saint-joseph,51.51,-0.13,288.15,82,1,3.6,GB,1592535380
395,khash,51.51,-0.13,288.15,82,1,3.6,GB,1592535380
396,gat,51.51,-0.13,288.15,82,1,3.6,GB,1592535305
397,beringovskiy,51.51,-0.13,288.15,82,1,3.6,GB,1592535310
398,half moon bay,51.51,-0.13,288.15,82,1,3.6,GB,1592535305
399,plettenberg bay,51.51,-0.13,288.15,82,1,3.6,GB,1592535305
400,san andres del rabanedo,51.51,-0.13,288.15,82,1,3.6,GB,1592535305
401,chokurdakh,51.51,-0.13,288.15,82,1,3.6,GB,1592535489
402,mandi,51.51,-0.13,288.15,82,1,3.6,GB,1592535305
403,byron bay,51.51,-0.13,288.15,82,1,3.6,GB,1592535305
404,mitu,51.51,-0.13,288.15,82,1,3.6,GB,1592535489
405,puerto colombia,51.51,-0.13,288.15,82,1,3.6,GB,1592535489
406,bambanglipuro,51.51,-0.13,288.15,82,1,3.6,GB,1592535310
407,linjiang,51.51,-0.13,288.15,82,1,3.6,GB,1592535305
408,bumba,51.51,-0.13,288.15,82,1,3.6,GB,1592535489
409,tagusao,51.51,-0.13,288.15,82,1,3.6,GB,1592535310
410,silopi,51.51,-0.13,288.15,82,1,3.6,GB,1592535380
411,skagastrond,51.51,-0.13,288.15,82,1,3.6,GB,1592535489
412,poum,51.51,-0.13,288.15,82,1,3.6,GB,1592535310
413,hamilton,51.51,-0.13,288.15,82,1,3.6,GB,1592535489
414,linhares,51.51,-0.13,288.15,82,1,3.6,GB,1592535380
415,matadi,51.51,-0.13,288.15,82,1,3.6,GB,1592535489
416,saldanha,51.51,-0.13,288.15,82,1,3.6,GB,1592535305
417,rush,51.51,-0.13,288.15,82,1,3.6,GB,1592535310
418,sechura,51.51,-0.13,288.15,82,1,3.6,GB,1592535489
419,harrismith,51.51,-0.13,288.15,82,1,3.6,GB,1592535310
420,makakilo city,51.51,-0.13,288.15,82,1,3.6,GB,1592535380
421,isangel,51.51,-0.13,288.15,82,1,3.6,GB,1592535310
422,erzin,51.51,-0.13,288.15,82,1,3.6,GB,1592535305
423,coquimbo,51.51,-0.13,288.15,82,1,3.6,GB,1592535305
424,zhitikara,51.51,-0.13,288.15,82,1,3.6,GB,1592535310
425,rivadavia,51.51,-0.13,288.15,82,1,3.6,GB,1592535489
426,naftah,51.51,-0.13,288.15,82,1,3.6,GB,1592535310
427,mullaitivu,51.51,-0.13,288.15,82,1,3.6,GB,1592535380
428,kaeo,51.51,-0.13,288.15,82,1,3.6,GB,1592535310
429,semporna,51.51,-0.13,288.15,82,1,3.6,GB,1592535305
430,port macquarie,51.51,-0.13,288.15,82,1,3.6,GB,1592535489
431,tamiahua,51.51,-0.13,288.15,82,1,3.6,GB,1592535380
432,comodoro rivadavia,51.51,-0.13,288.15,82,1,3.6,GB,1592535310
433,asau,51.51,-0.13,288.15,82,1,3.6,GB,1592535310
434,bereda,51.51,-0.13,288.15,82,1,3.6,GB,1592535489
435,calama,51.51,-0.13,288.15,82,1,3.6,GB,1592535310
436,sovetskaya gavan,51.51,-0.13,288.15,82,1,3.6,GB,1592535380
437,kutum,51.51,-0.13,288.15,82,1,3.6,GB,1592535489
438,calvia,51.51,-0.13,288.15,82,1,3.6,GB,1592535305
439,port keats,51.51,-0.13,288.15,82,1,3.6,GB,1592535380
440,gdynia,51.51,-0.13,288.15,82,1,3.6,GB,1592535305
441,diffa,51.51,-0.13,288.15,82,1,3.6,GB,1592535489
442,vestmanna,51.51,-0.13,288.15,82,1,3.6,GB,1592535310
443,rafraf,51.51,-0.13,288.15,82,1,3.6,GB,1592535489
444,ayutla,51.51,-0.13,288.15,82,1,3.6,GB,1592535489
445,kremenchuk,51.51,-0.13,288.15,82,1,3.6,GB,1592535305
446,rodas,51.51,-0.13,288.15,82,1,3.6,GB,1592535380
447,parana,51.51,-0.13,288.15,82,1,3.6,GB,1592535380
448,abu kamal,51.51,-0.13,288.15,82,1,3.6,GB,1592535310
449,dhidhdhoo,51.51,-0.13,288.15,82,1,3.6,GB,1592535310
450,kirkwall,51.51,-0.13,288.15,82,1,3.6,GB,1592535305
451,vila do maio,51.51,-0.13,288.15,82,1,3.6,GB,1592535489
452,aklavik,51.51,-0.13,288.15,82,1,3.6,GB,1592535380
453,zadar,51.51,-0.13,288.15,82,1,3.6,GB,1592535004
454,thinadhoo,51.51,-0.13,288.15,82,1,3.6,GB,1592534882
455,lunca de sus,51.51,-0.13,288.15,82,1,3.6,GB,1592535004
456,salo,51.51,-0.13,288.15,82,1,3.6,GB,1592534882
457,korla,51.51,-0.13,288.15,82,1,3.6,GB,1592535009
458,okakarara,51.51,-0.13,288.15,82,1,3.6,GB,1592535004
459,san ramon,51.51,-0.13,288.15,82,1,3.6,GB,1592535004
460,parnamirim,51.51,-0.13,288.15,82,1,3.6,GB,1592534772
461,suratgarh,51.51,-0.13,288.15,82,1,3.6,GB,1592534882
462,nkhotakota,51.51,-0.13,288.15,82,1,3.6,GB,1592535004
463,naze,51.51,-0.13,288.15,82,1,3.6,GB,1592534772
464,pervomayskoye,51.51,-0.13,288.15,82,1,3.6,GB,1592534772
465,lumphat,51.51,-0.13,288.15,82,1,3.6,GB,1592535009
466,rundu,51.51,-0.13,288.15,82,1,3.6,GB,1592534882
467,gimli,51.51,-0.13,288.15,82,1,3.6,GB,1592535004
468,tabiauea,51.51,-0.13,288.15,82,1,3.6,GB,1592534772
469,mutsamudu,51.51,-0.13,288.15,82,1,3.6,GB,1592535004
470,grandview,51.51,-0.13,288.15,82,1,3.6,GB,1592535004
471,tarudant,51.51,-0.13,288.15,82,1,3.6,GB,1592535009
472,teya,51.51,-0.13,288.15,82,1,3.6,GB,1592535305
473,rungata,51.51,-0.13,288.15,82,1,3.6,GB,1592535305
474,tuatapere,51.51,-0.13,288.15,82,1,3.6,GB,1592535305
475,kilindoni,51.51,-0.13,288.15,82,1,3.6,GB,1592535380
476,bouillante,51.51,-0.13,288.15,82,1,3.6,GB,1592535310
477,lixourion,51.51,-0.13,288.15,82,1,3.6,GB,1592535489
478,rudbar,51.51,-0.13,288.15,82,1,3.6,GB,1592535380
479,coahuayana,51.51,-0.13,288.15,82,1,3.6,GB,1592535380
480,cherskiy,51.51,-0.13,288.15,82,1,3.6,GB,1592535310
481,toba,51.51,-0.13,288.15,82,1,3.6,GB,1592535380
482,santa cruz do capibaribe,51.51,-0.13,288.15,82,1,3.6,GB,1592535489
483,tumannyy,51.51,-0.13,288.15,82,1,3.6,GB,1592535305
484,sakaraha,51.51,-0.13,288.15,82,1,3.6,GB,1592535380
485,sola,51.51,-0.13,288.15,82,1,3.6,GB,1592535489
486,mana,51.51,-0.13,288.15,82,1,3.6,GB,1592535489
487,gornopravdinsk,51.51,-0.13,288.15,82,1,3.6,GB,1592535310
488,kumbo,51.51,-0.13,288.15,82,1,3.6,GB,1592535380
489,nyurba,51.51,-0.13,288.15,82,1,3.6,GB,1592535489
490,santa cruz de la palma,51.51,-0.13,288.15,82,1,3.6,GB,1592535489
491,mecca,51.51,-0.13,288.15,82,1,3.6,GB,1592535380
492,alta floresta,51.51,-0.13,288.15,82,1,3.6,GB,1592535310
493,marovoay,51.51,-0.13,288.15,82,1,3.6,GB,1592535380
494,letlhakane,51.51,-0.13,288.15,82,1,3.6,GB,1592535380
495,cherepovets,51.51,-0.13,288.15,82,1,3.6,GB,1592535380
496,skibbereen,51.51,-0.13,288.15,82,1,3.6,GB,1592535380
497,tauranga,51.51,-0.13,288.15,82,1,3.6,GB,1592535310
498,botshabelo,51.51,-0.13,288.15,82,1,3.6,GB,1592535310
499,klaksvik,51.51,-0.13,288.15,82,1,3.6,GB,1592535380
500,palana,51.51,-0.13,288.15,82,1,3.6,GB,1592535380
501,ordynskoye,51.51,-0.13,288.15,82,1,3.6,GB,1592535305
502,bam,51.51,-0.13,288.15,82,1,3.6,GB,1592535305
503,kargasok,51.51,-0.13,288.15,82,1,3.6,GB,1592535489
504,geraldton,51.51,-0.13,288.15,82,1,3.6,GB,1592535380
505,usinsk,51.51,-0.13,288.15,82,1,3.6,GB,1592535310
506,chemal,51.51,-0.13,288.15,82,1,3.6,GB,1592535380
507,inderborskiy,51.51,-0.13,288.15,82,1,3.6,GB,1592535380
508,ketchikan,51.51,-0.13,288.15,82,1,3.6,GB,1592535380
509,faya,51.51,-0.13,288.15,82,1,3.6,GB,1592535489
510,sur,51.51,-0.13,288.15,82,1,3.6,GB,1592535310
511,muriwai beach,51.51,-0.13,288.15,82,1,3.6,GB,1592535489
512,bagotville,51.51,-0.13,288.15,82,1,3.6,GB,1592535380
513,kapasan,51.51,-0.13,288.15,82,1,3.6,GB,1592535489
514,loei,51.51,-0.13,288.15,82,1,3.6,GB,1592535380
515,laurel,51.51,-0.13,288.15,82,1,3.6,GB,1592535380
516,poplar bluff,51.51,-0.13,288.15,82,1,3.6,GB,1592535606
517,claveria,51.51,-0.13,288.15,82,1,3.6,GB,1592535380
518,chaihe,51.51,-0.13,288.15,82,1,3.6,GB,1592535380
519,jiwani,51.51,-0.13,288.15,82,1,3.6,GB,1592535380
520,anadyr,51.51,-0.13,288.15,82,1,3.6,GB,1592535310
521,asyut,51.51,-0.13,288.15,82,1,3.6,GB,1592535310
522,dzhusaly,51.51,-0.13,288.15,82,1,3.6,GB,1592535489
523,mackay,51.51,-0.13,288.15,82,1,3.6,GB,1592535380
524,barranca,51.51,-0.13,288.15,82,1,3.6,GB,1592535489
525,gudalur,51.51,-0.13,288.15,82,1,3.6,GB,1592535489
526,valparaiso,51.51,-0.13,288.15,82,1,3.6,GB,1592535310
527,el alto,51.51,-0.13,288.15,82,1,3.6,GB,1592535380
528,borujan,51.51,-0.13,288.15,82,1,3.6,GB,1592535310
529,belmonte,51.51,-0.13,288.15,82,1,3.6,GB,1592535310
530,grafton,51.51,-0.13,288.15,82,1,3.6,GB,1592535310
531,acajutla,51.51,-0.13,288.15,82,1,3.6,GB,1592535489
532,noumea,51.51,-0.13,288.15,82,1,3.6,GB,1592535310
533,dingle,51.51,-0.13,288.15,82,1,3.6,GB,1592535310
534,saint george,51.51,-0.13,288.15,82,1,3.6,GB,1592535606
535,puerto del rosario,51.51,-0.13,288.15,82,1,3.6,GB,1592535310
536,laguna,51.51,-0.13,288.15,82,1,3.6,GB,1592535606
537,tual,51.51,-0.13,288.15,82,1,3.6,GB,1592535380
538,senmonorom,51.51,-0.13,288.15,82,1,3.6,GB,1592535606
539,dukat,51.51,-0.13,288.15,82,1,3.6,GB,1592535380
540,nouadhibou,51.51,-0.13,288.15,82,1,3.6,GB,1592535380
541,santa helena de goias,51.51,-0.13,288.15,82,1,3.6,GB,1592535489
542,acari,51.51,-0.13,288.15,82,1,3.6,GB,1592535380
543,mao,51.51,-0.13,288.15,82,1,3.6,GB,1592535310
544,zhaotong,51.51,-0.13,288.15,82,1,3.6,GB,1592535310
545,sao felix do xingu,51.51,-0.13,288.15,82,1,3.6,GB,1592535489
546,pedernales,51.51,-0.13,288.15,82,1,3.6,GB,1592535310
547,catuday,51.51,-0.13,288.15,82,1,3.6,GB,1592535310
548,namibe,51.51,-0.13,288.15,82,1,3.6,GB,1592535310
549,rawson,51.51,-0.13,288.15,82,1,3.6,GB,1592535380
550,libreville,51.51,-0.13,288.15,82,1,3.6,GB,1592535380
551,stoyba,51.51,-0.13,288.15,82,1,3.6,GB,1592535310
552,sawakin,51.51,-0.13,288.15,82,1,3.6,GB,1592535606
553,altay,51.51,-0.13,288.15,82,1,3.6,GB,1592535610
554,goure,51.51,-0.13,288.15,82,1,3.6,GB,1592535380
555,svetlaya,51.51,-0.13,288.15,82,1,3.6,GB,1592535489
556,zyryanskoye,51.51,-0.13,288.15,82,1,3.6,GB,1592535610
557,ahuimanu,51.51,-0.13,288.15,82,1,3.6,GB,1592535489
558,wewak,51.51,-0.13,288.15,82,1,3.6,GB,1592535606
559,chimore,51.51,-0.13,288.15,82,1,3.6,GB,1592535489
560,eldikan,51.51,-0.13,288.15,82,1,3.6,GB,1592535606
561,pangody,51.51,-0.13,288.15,82,1,3.6,GB,1592535489
562,arlit,51.51,-0.13,288.15,82,1,3.6,GB,1592535380
563,cartagena del chaira,51.51,-0.13,288.15,82,1,3.6,GB,1592535606
564,dalvik,51.51,-0.13,288.15,82,1,3.6,GB,1592535606
565,sidney,51.51,-0.13,288.15,82,1,3.6,GB,1592535489
566,kamyaran,51.51,-0.13,288.15,82,1,3.6,GB,1592535606
567,sampit,51.51,-0.13,288.15,82,1,3.6,GB,1592535610
568,alexandria,51.51,-0.13,288.15,82,1,3.6,GB,1592535380
569,port lincoln,51.51,-0.13,288.15,82,1,3.6,GB,1592535606
570,anloga,51.51,-0.13,288.15,82,1,3.6,GB,1592535606
571,guajara-mirim,51.51,-0.13,288.15,82,1,3.6,GB,1592535606
572,ormara,51.51,-0.13,288.15,82,1,3.6,GB,1592535380
573,crailsheim,51.51,-0.13,288.15,82,1,3.6,GB,1592535606
574,charlestown,51.51,-0.13,288.15,82,1,3.6,GB,1592535610
575,douentza,51.51,-0.13,288.15,82,1,3.6,GB,1592535489
576,genhe,51.51,-0.13,288.15,82,1,3.6,GB,1592535606
577,warrington,51.51,-0.13,288.15,82,1,3.6,GB,1592535489
578,eyl,51.51,-0.13,288.15,82,1,3.6,GB,1592535380
579,denia,51.51,-0.13,288.15,82,1,3.6,GB,1592535606
580,isla vista,51.51,-0.13,288.15,82,1,3.6,GB,1592535489
581,sorland,51.51,-0.13,288.15,82,1,3.6,GB,1592535380
582,henties bay,51.51,-0.13,288.15,82,1,3.6,GB,1592535610
583,kuryk,51.51,-0.13,288.15,82,1,3.6,GB,1592535489
584,kocani,51.51,-0.13,288.15,82,1,3.6,GB,1592535380
585,qingdao,51.51,-0.13,288.15,82,1,3.6,GB,1592535610
586,huizhou,51.51,-0.13,288.15,82,1,3.6,GB,1592535606
587,mianyang,51.51,-0.13,288.15,82,1,3.6,GB,1592535606
588,killarney,51.51,-0.13,288.15,82,1,3.6,GB,1592535489
589,culebra,51.51,-0.13,288.15,82,1,3.6,GB,1592535610
590,kabanjahe,51.51,-0.13,288.15,82,1,3.6,GB,1592535489
591,macamic,51.51,-0.13,288.15,82,1,3.6,GB,1592535489
592,iralaya,51.51,-0.13,288.15,82,1,3.6,GB,1592535610
593,tomatlan,51.51,-0.13,288.15,82,1,3.6,GB,1592535380
594,pokosnoye,51.51,-0.13,288.15,82,1,3.6,GB,1592535489
595,san julian,51.51,-0.13,288.15,82,1,3.6,GB,1592535489
596,hillsboro,51.51,-0.13,288.15,82,1,3.6,GB,1592535610
597,rockport,51.51,-0.13,288.15,82,1,3.6,GB,1592535380
598,sambava,51.51,-0.13,288.15,82,1,3.6,GB,1592535606
599,luwuk,51.51,-0.13,288.15,82,1,3.6,GB,1592535380
600,trinidad,51.51,-0.13,288.15,82,1,3.6,GB,1592535606
601,tigil,51.51,-0.13,288.15,82,1,3.6,GB,1592535606
602,suffolk,51.51,-0.13,288.15,82,1,3.6,GB,1592535489
603,warqla,51.51,-0.13,288.15,82,1,3.6,GB,1592535610
604,manta,51.51,-0.13,288.15,82,1,3.6,GB,1592535610
605,mehran,51.51,-0.13,288.15,82,1,3.6,GB,1592535610
606,buchanan,51.51,-0.13,288.15,82,1,3.6,GB,1592535606
607,batsfjord,51.51,-0.13,288.15,82,1,3.6,GB,1592535610
608,burica,51.51,-0.13,288.15,82,1,3.6,GB,1592535610
609,sentyabrskiy,51.51,-0.13,288.15,82,1,3.6,GB,1592535610
610,mayya,51.51,-0.13,288.15,82,1,3.6,GB,1592535610
611,santa maria,51.51,-0.13,288.15,82,1,3.6,GB,1592535489
612,temaraia,51.51,-0.13,288.15,82,1,3.6,GB,1592535489
613,coari,51.51,-0.13,288.15,82,1,3.6,GB,1592535610
614,orlovskiy,51.51,-0.13,288.15,82,1,3.6,GB,1592535489
615,ozu,51.51,-0.13,288.15,82,1,3.6,GB,1592535380
616,goderich,51.51,-0.13,288.15,82,1,3.6,GB,1592535380
617,ahipara,51.51,-0.13,288.15,82,1,3.6,GB,1592535606
618,atuona,51.51,-0.13,288.15,82,1,3.6,GB,1592535305
619,mataura,51.51,-0.13,288.15,82,1,3.6,GB,1592535310
620,toliary,51.51,-0.13,288.15,82,1,3.6,GB,1592535686
621,sitka,51.51,-0.13,288.15,82,1,3.6,GB,1592535791
622,kodiak,51.51,-0.13,288.15,82,1,3.6,GB,1592535686
623,souillac,51.51,-0.13,288.15,82,1,3.6,GB,1592535606
624,belushya guba,51.51,-0.13,288.15,82,1,3.6,GB,1592535791
625,bluff,51.51,-0.13,288.15,82,1,3.6,GB,1592535606
626,nosy varika,51.51,-0.13,288.15,82,1,3.6,GB,1592535686
627,lupiro,51.51,-0.13,288.15,82,1,3.6,GB,1592535686
628,albany,51.51,-0.13,288.15,82,1,3.6,GB,1592535606
629,castro,51.51,-0.13,288.15,82,1,3.6,GB,1592535610
630,busselton,51.51,-0.13,288.15,82,1,3.6,GB,1592535610
631,salalah,51.51,-0.13,288.15,82,1,3.6,GB,1592535606
632,hermanus,51.51,-0.13,288.15,82,1,3.6,GB,1592535610
633,ushuaia,51.51,-0.13,288.15,82,1,3.6,GB,1592535686
634,puerto ayora,51.51,-0.13,288.15,82,1,3.6,GB,1592535686
635,qaanaaq,51.51,-0.13,288.15,82,1,3.6,GB,1592535610
636,kruisfontein,51.51,-0.13,288.15,82,1,3.6,GB,1592535606
637,marystown,51.51,-0.13,288.15,82,1,3.6,GB,1592535610
638,luanda,51.51,-0.13,288.15,82,1,3.6,GB,1592535791
639,correntina,51.51,-0.13,288.15,82,1,3.6,GB,1592535606
640,dunedin,51.51,-0.13,288.15,82,1,3.6,GB,1592535606
641,butaritari,51.51,-0.13,288.15,82,1,3.6,GB,1592535686
642,rikitea,51.51,-0.13,288.15,82,1,3.6,GB,1592535610
643,jacareacanga,51.51,-0.13,288.15,82,1,3.6,GB,1592535606
644,nome,51.51,-0.13,288.15,82,1,3.6,GB,1592535686
645,georgetown,51.51,-0.13,288.15,82,1,3.6,GB,1592535686
646,barentsburg,51.51,-0.13,288.15,82,1,3.6,GB,1592535610
647,longyearbyen,51.51,-0.13,288.15,82,1,3.6,GB,1592535606
648,karymskoye,51.51,-0.13,288.15,82,1,3.6,GB,1592535686
649,nishihara,51.51,-0.13,288.15,82,1,3.6,GB,1592535686
650,attawapiskat,51.51,-0.13,288.15,82,1,3.6,GB,1592535606
651,severo-kurilsk,51.51,-0.13,288.15,82,1,3.6,GB,1592535791
652,port alfred,51.51,-0.13,288.15,82,1,3.6,GB,1592535791
653,ouadda,51.51,-0.13,288.15,82,1,3.6,GB,1592535610
654,port hedland,51.51,-0.13,288.15,82,1,3.6,GB,1592535686
655,vasilyevskiy mokh,51.51,-0.13,288.15,82,1,3.6,GB,1592535791
656,kamina,51.51,-0.13,288.15,82,1,3.6,GB,1592535791
657,pemberton,51.51,-0.13,288.15,82,1,3.6,GB,1592535610
658,esperance,51.51,-0.13,288.15,82,1,3.6,GB,1592535606
659,mys shmidta,51.51,-0.13,288.15,82,1,3.6,GB,1592535606
660,punta arenas,51.51,-0.13,288.15,82,1,3.6,GB,1592535791
661,high rock,51.51,-0.13,288.15,82,1,3.6,GB,1592535606
662,izyaslav,51.51,-0.13,288.15,82,1,3.6,GB,1592535610
663,clyde river,51.51,-0.13,288.15,82,1,3.6,GB,1592535791
664,bethel,51.51,-0.13,288.15,82,1,3.6,GB,1592535610
665,nikolskoye,51.51,-0.13,288.15,82,1,3.6,GB,1592535606
666,morant bay,51.51,-0.13,288.15,82,1,3.6,GB,1592535686
667,amderma,51.51,-0.13,288.15,82,1,3.6,GB,1592535606
668,vasto,51.51,-0.13,288.15,82,1,3.6,GB,1592535610
669,mandalgovi,51.51,-0.13,288.15,82,1,3.6,GB,1592535606
670,bahir dar,51.51,-0.13,288.15,82,1,3.6,GB,1592535606
671,tigzirt,51.51,-0.13,288.15,82,1,3.6,GB,1592535686
672,broome,51.51,-0.13,288.15,82,1,3.6,GB,1592535791
673,fortuna,51.51,-0.13,288.15,82,1,3.6,GB,1592535791
674,talnakh,51.51,-0.13,288.15,82,1,3.6,GB,1592535791
675,flin flon,51.51,-0.13,288.15,82,1,3.6,GB,1592535791
676,nanakuli,51.51,-0.13,288.15,82,1,3.6,GB,1592535606
677,pocone,51.51,-0.13,288.15,82,1,3.6,GB,1592535606
678,avarua,51.51,-0.13,288.15,82,1,3.6,GB,1592535686
679,mahebourg,51.51,-0.13,288.15,82,1,3.6,GB,1592535606
680,san quintin,51.51,-0.13,288.15,82,1,3.6,GB,1592535610
681,provideniya,51.51,-0.13,288.15,82,1,3.6,GB,1592535606
682,vila velha,51.51,-0.13,288.15,82,1,3.6,GB,1592535606
683,bontang,51.51,-0.13,288.15,82,1,3.6,GB,1592535791
684,bredasdorp,51.51,-0.13,288.15,82,1,3.6,GB,1592535791
685,narsaq,51.51,-0.13,288.15,82,1,3.6,GB,1592535610
686,paamiut,51.51,-0.13,288.15,82,1,3.6,GB,1592535791
687,constitucion,51.51,-0.13,288.15,82,1,3.6,GB,1592535610
688,lebanon,51.51,-0.13,288.15,82,1,3.6,GB,1592535686
689,tromso,51.51,-0.13,288.15,82,1,3.6,GB,1592535610
690,hilo,51.51,-0.13,288.15,82,1,3.6,GB,1592535791
691,sabha,51.51,-0.13,288.15,82,1,3.6,GB,1592535686
692,orgun,51.51,-0.13,288.15,82,1,3.6,GB,1592535610
693,bengkulu,51.51,-0.13,288.15,82,1,3.6,GB,1592535606
694,verkhnevilyuysk,51.51,-0.13,288.15,82,1,3.6,GB,1592535606
695,imbituba,51.51,-0.13,288.15,82,1,3.6,GB,1592535686
696,kavieng,51.51,-0.13,288.15,82,1,3.6,GB,1592535686
697,caldwell,51.51,-0.13,288.15,82,1,3.6,GB,1592535686
698,kailua,51.51,-0.13,288.15,82,1,3.6,GB,1592535606
699,kautokeino,51.51,-0.13,288.15,82,1,3.6,GB,1592535686
700,taganak,51.51,-0.13,288.15,82,1,3.6,GB,1592535686
701,samusu,51.51,-0.13,288.15,82,1,3.6,GB,1592535791
702,hobart,51.51,-0.13,288.15,82,1,3.6,GB,1592535610
703,northam,51.51,-0.13,288.15,82,1,3.6,GB,1592535686
704,lebu,51.51,-0.13,288.15,82,1,3.6,GB,1592535791
705,bandarbeyla,51.51,-0.13,288.15,82,1,3.6,GB,1592535791
706,shelburne,51.51,-0.13,288.15,82,1,3.6,GB,1592535610
707,jamestown,51.51,-0.13,288.15,82,1,3.6,GB,1592535791
708,hithadhoo,51.51,-0.13,288.15,82,1,3.6,GB,1592535686
709,cape town,51.51,-0.13,288.15,82,1,3.6,GB,1592535791
710,achisay,51.51,-0.13,288.15,82,1,3.6,GB,1592535686
711,yellowknife,51.51,-0.13,288.15,82,1,3.6,GB,1592535606
712,pitimbu,51.51,-0.13,288.15,82,1,3.6,GB,1592535610
713,foumban,51.51,-0.13,288.15,82,1,3.6,GB,1592535606
714,vardo,51.51,-0.13,288.15,82,1,3.6,GB,1592535610
715,ostrovnoy,51.51,-0.13,288.15,82,1,3.6,GB,1592535791
716,ulladulla,51.51,-0.13,288.15,82,1,3.6,GB,1592535606
717,thompson,51.51,-0.13,288.15,82,1,3.6,GB,1592535610
718,port blair,51.51,-0.13,288.15,82,1,3.6,GB,1592535610
719,nelson bay,51.51,-0.13,288.15,82,1,3.6,GB,1592535610
720,taolanaro,51.51,-0.13,288.15,82,1,3.6,GB,1592535610
721,ponta do sol,51.51,-0.13,288.15,82,1,3.6,GB,1592535610
722,grootfontein,51.51,-0.13,288.15,82,1,3.6,GB,1592535606
723,orchard homes,51.51,-0.13,288.15,82,1,3.6,GB,1592535610
724,ostrov,51.51,-0.13,288.15,82,1,3.6,GB,1592535686
725,charters towers,51.51,-0.13,288.15,82,1,3.6,GB,1592535610
726,mweka,51.51,-0.13,288.15,82,1,3.6,GB,1592535610
727,pevek,51.51,-0.13,288.15,82,1,3.6,GB,1592535686
728,grindavik,51.51,-0.13,288.15,82,1,3.6,GB,1592535606
729,yatou,51.51,-0.13,288.15,82,1,3.6,GB,1592535610
730,meulaboh,51.51,-0.13,288.15,82,1,3.6,GB,1592535791
731,marshall,51.51,-0.13,288.15,82,1,3.6,GB,1592535610
732,ribeira grande,51.51,-0.13,288.15,82,1,3.6,GB,1592535791
733,caravelas,51.51,-0.13,288.15,82,1,3.6,GB,1592535686
734,tiksi,51.51,-0.13,288.15,82,1,3.6,GB,1592535606
735,lander,51.51,-0.13,288.15,82,1,3.6,GB,1592535791
736,mbacke,51.51,-0.13,288.15,82,1,3.6,GB,1592535610
737,bocaranga,51.51,-0.13,288.15,82,1,3.6,GB,1592535791
738,yerbogachen,51.51,-0.13,288.15,82,1,3.6,GB,1592535606
739,bargal,51.51,-0.13,288.15,82,1,3.6,GB,1592535791
740,olafsvik,51.51,-0.13,288.15,82,1,3.6,GB,1592535791
741,tamboril,51.51,-0.13,288.15,82,1,3.6,GB,1592535606
742,gordeyevka,51.51,-0.13,288.15,82,1,3.6,GB,1592535686
743,lagoa,51.51,-0.13,288.15,82,1,3.6,GB,1592535686
744,tasiilaq,51.51,-0.13,288.15,82,1,3.6,GB,1592535791
745,new norfolk,51.51,-0.13,288.15,82,1,3.6,GB,1592535791
746,port elizabeth,51.51,-0.13,288.15,82,1,3.6,GB,1592535686
747,dong hoi,51.51,-0.13,288.15,82,1,3.6,GB,1592535610
748,saint-philippe,51.51,-0.13,288.15,82,1,3.6,GB,1592535610
749,skjervoy,51.51,-0.13,288.15,82,1,3.6,GB,1592535791
750,selenduma,51.51,-0.13,288.15,82,1,3.6,GB,1592535686
751,dire,51.51,-0.13,288.15,82,1,3.6,GB,1592535791
752,walvis bay,51.51,-0.13,288.15,82,1,3.6,GB,1592535606
753,atar,51.51,-0.13,288.15,82,1,3.6,GB,1592535606
754,kahului,51.51,-0.13,288.15,82,1,3.6,GB,1592535610
755,shepsi,51.51,-0.13,288.15,82,1,3.6,GB,1592535791
756,freeport,51.51,-0.13,288.15,82,1,3.6,GB,1592535610
757,coihaique,51.51,-0.13,288.15,82,1,3.6,GB,1592535610
758,cooma,51.51,-0.13,288.15,82,1,3.6,GB,1592535606
759,vallenar,51.51,-0.13,288.15,82,1,3.6,GB,1592535686
760,moose factory,51.51,-0.13,288.15,82,1,3.6,GB,1592535791
761,sisimiut,51.51,-0.13,288.15,82,1,3.6,GB,1592535791
762,abtenau,51.51,-0.13,288.15,82,1,3.6,GB,1592535606
763,kapaa,51.51,-0.13,288.15,82,1,3.6,GB,1592535610
764,saleaula,51.51,-0.13,288.15,82,1,3.6,GB,1592535610
765,saskylakh,51.51,-0.13,288.15,82,1,3.6,GB,1592535606
766,east london,51.51,-0.13,288.15,82,1,3.6,GB,1592535606
767,aswan,51.51,-0.13,288.15,82,1,3.6,GB,1592535610
768,mahibadhoo,51.51,-0.13,288.15,82,1,3.6,GB,1592535610
769,phumi samraong,51.51,-0.13,288.15,82,1,3.6,GB,1592535686
770,bolungarvik,51.51,-0.13,288.15,82,1,3.6,GB,1592535686
771,haines junction,51.51,-0.13,288.15,82,1,3.6,GB,1592535791
772,saint anthony,51.51,-0.13,288.15,82,1,3.6,GB,1592535606
773,mehamn,51.51,-0.13,288.15,82,1,3.6,GB,1592535686
774,luderitz,51.51,-0.13,288.15,82,1,3.6,GB,1592535606
775,katsuura,51.51,-0.13,288.15,82,1,3.6,GB,1592535606
776,port-cartier,51.51,-0.13,288.15,82,1,3.6,GB,1592535791
777,hasaki,51.51,-0.13,288.15,82,1,3.6,GB,1592535610
778,rio grande,51.51,-0.13,288.15,82,1,3.6,GB,1592535686
779,barrow,51.51,-0.13,288.15,82,1,3.6,GB,1592535686
780,harbour breton,51.51,-0.13,288.15,82,1,3.6,GB,1592535610
781,codrington,51.51,-0.13,288.15,82,1,3.6,GB,1592535791
782,kaitangata,51.51,-0.13,288.15,82,1,3.6,GB,1592535791
783,hualmay,51.51,-0.13,288.15,82,1,3.6,GB,1592535610
784,kirkuk,51.51,-0.13,288.15,82,1,3.6,GB,1592535606
785,bambous virieux,51.51,-0.13,288.15,82,1,3.6,GB,1592535791
786,marcona,51.51,-0.13,288.15,82,1,3.6,GB,1592535610
787,honiara,51.51,-0.13,288.15,82,1,3.6,GB,1592535791
788,wajima,51.51,-0.13,288.15,82,1,3.6,GB,1592535606
789,belaya gora,51.51,-0.13,288.15,82,1,3.6,GB,1592535606
790,imeni babushkina,51.51,-0.13,288.15,82,1,3.6,GB,1592535686
791,port augusta,51.51,-0.13,288.15,82,1,3.6,GB,1592535610
792,ucluelet,51.51,-0.13,288.15,82,1,3.6,GB,1592535686
793,berlevag,51.51,-0.13,288.15,82,1,3.6,GB,1592535610
794,gondar,51.51,-0.13,288.15,82,1,3.6,GB,1592535606
795,liberty,51.51,-0.13,288.15,82,1,3.6,GB,1592535606
796,nanortalik,51.51,-0.13,288.15,82,1,3.6,GB,1592535606
797,norman wells,51.51,-0.13,288.15,82,1,3.6,GB,1592535606
798,chuy,51.51,-0.13,288.15,82,1,3.6,GB,1592535686
799,santa isabel do rio negro,51.51,-0.13,288.15,82,1,3.6,GB,1592535610
800,boyuibe,51.51,-0.13,288.15,82,1,3.6,GB,1592535791
801,jinchengjiang,51.51,-0.13,288.15,82,1,3.6,GB,1592535791
802,san cristobal,51.51,-0.13,288.15,82,1,3.6,GB,1592535610
803,la ronge,51.51,-0.13,288.15,82,1,3.6,GB,1592535606
804,madras,51.51,-0.13,288.15,82,1,3.6,GB,1592535606
805,stephenville,51.51,-0.13,288.15,82,1,3.6,GB,1592535606
806,cabo san lucas,51.51,-0.13,288.15,82,1,3.6,GB,1592535610
807,santa branca,51.51,-0.13,288.15,82,1,3.6,GB,1592535606
808,puerto ayacucho,51.51,-0.13,288.15,82,1,3.6,GB,1592535606
809,vaini,51.51,-0.13,288.15,82,1,3.6,GB,1592535610
810,maureni,51.51,-0.13,288.15,82,1,3.6,GB,1592535610
811,vila franca do campo,51.51,-0.13,288.15,82,1,3.6,GB,1592535610
812,puerto escondido,51.51,-0.13,288.15,82,1,3.6,GB,1592535791
813,muros,51.51,-0.13,288.15,82,1,3.6,GB,1592535606
814,belyy,51.51,-0.13,288.15,82,1,3.6,GB,1592535791
815,santa cruz de tenerife,51.51,-0.13,288.15,82,1,3.6,GB,1592535686
816,solnechnyy,51.51,-0.13,288.15,82,1,3.6,GB,1592535791
817,chernyshevskiy,51.51,-0.13,288.15,82,1,3.6,GB,1592535610
818,tuktoyaktuk,51.51,-0.13,288.15,82,1,3.6,GB,1592535610
819,mezen,51.51,-0.13,288.15,82,1,3.6,GB,1592535686
820,vieques,51.51,-0.13,288.15,82,1,3.6,GB,1592535791
821,ixtapa,51.51,-0.13,288.15,82,1,3.6,GB,1592535686
822,grand-santi,51.51,-0.13,288.15,82,1,3.6,GB,1592535610
823,angoche,51.51,-0.13,288.15,82,1,3.6,GB,1592535606
824,itoman,51.51,-0.13,288.15,82,1,3.6,GB,1592535791
825,cayenne,51.51,-0.13,288.15,82,1,3.6,GB,1592535606
826,sao filipe,51.51,-0.13,288.15,82,1,3.6,GB,1592535610
827,illoqqortoormiut,51.51,-0.13,288.15,82,1,3.6,GB,1592535791
828,conakry,51.51,-0.13,288.15,82,1,3.6,GB,1592535610
829,teknaf,51.51,-0.13,288.15,82,1,3.6,GB,1592535791
830,carnarvon,51.51,-0.13,288.15,82,1,3.6,GB,1592535606
831,porbandar,51.51,-0.13,288.15,82,1,3.6,GB,1592535791
832,mar del plata,51.51,-0.13,288.15,82,1,3.6,GB,1592535606
833,humboldt,51.51,-0.13,288.15,82,1,3.6,GB,1592535610
834,malwan,51.51,-0.13,288.15,82,1,3.6,GB,1592535610
835,nizhneyansk,51.51,-0.13,288.15,82,1,3.6,GB,1592535606
836,victoria,51.51,-0.13,288.15,82,1,3.6,GB,1592535791
837,antofagasta,51.51,-0.13,288.15,82,1,3.6,GB,1592535791
838,lahti,51.51,-0.13,288.15,82,1,3.6,GB,1592535606
839,mae hong son,51.51,-0.13,288.15,82,1,3.6,GB,1592535686
840,zhanatas,51.51,-0.13,288.15,82,1,3.6,GB,1592535686
841,aasiaat,51.51,-0.13,288.15,82,1,3.6,GB,1592535606
842,bafq,51.51,-0.13,288.15,82,1,3.6,GB,1592535610
843,lavrentiya,51.51,-0.13,288.15,82,1,3.6,GB,1592535610
844,cradock,51.51,-0.13,288.15,82,1,3.6,GB,1592535610
845,noshiro,51.51,-0.13,288.15,82,1,3.6,GB,1592535606
846,ilulissat,51.51,-0.13,288.15,82,1,3.6,GB,1592535791
847,westpunt,51.51,-0.13,288.15,82,1,3.6,GB,1592535686
848,husavik,51.51,-0.13,288.15,82,1,3.6,GB,1592535686
849,natal,51.51,-0.13,288.15,82,1,3.6,GB,1592535686
850,khatanga,51.51,-0.13,288.15,82,1,3.6,GB,1592535606
851,dikson,51.51,-0.13,288.15,82,1,3.6,GB,1592535610
852,praia da vitoria,51.51,-0.13,288.15,82,1,3.6,GB,1592535606
853,havelock,51.51,-0.13,288.15,82,1,3.6,GB,1592535610
854,quelimane,51.51,-0.13,288.15,82,1,3.6,GB,1592535686
855,havre-saint-pierre,51.51,-0.13,288.15,82,1,3.6,GB,1592535606
856,grand centre,51.51,-0.13,288.15,82,1,3.6,GB,1592535606
857,chumikan,51.51,-0.13,288.15,82,1,3.6,GB,1592535791
858,ancud,51.51,-0.13,288.15,82,1,3.6,GB,1592535686
859,guerrero negro,51.51,-0.13,288.15,82,1,3.6,GB,1592535610
860,isiro,51.51,-0.13,288.15,82,1,3.6,GB,1592535610
861,flinders,51.51,-0.13,288.15,82,1,3.6,GB,1592535610
862,ondjiva,51.51,-0.13,288.15,82,1,3.6,GB,1592535606
863,gafanha da encarnacao,51.51,-0.13,288.15,82,1,3.6,GB,1592535606
864,blytheville,51.51,-0.13,288.15,82,1,3.6,GB,1592535791
865,lisieux,51.51,-0.13,288.15,82,1,3.6,GB,1592535686
866,ambilobe,51.51,-0.13,288.15,82,1,3.6,GB,1592535686
867,lompoc,51.51,-0.13,288.15,82,1,3.6,GB,1592535610
868,riyadh,51.51,-0.13,288.15,82,1,3.6,GB,1592535686
869,pauini,51.51,-0.13,288.15,82,1,3.6,GB,1592535606
870,nueva guinea,51.51,-0.13,288.15,82,1,3.6,GB,1592535791
871,bud,51.51,-0.13,288.15,82,1,3.6,GB,1592535791
872,los llanos de aridane,51.51,-0.13,288.15,82,1,3.6,GB,1592535606
873,tukan,51.51,-0.13,288.15,82,1,3.6,GB,1592535686
874,sept-iles,51.51,-0.13,288.15,82,1,3.6,GB,1592535791
875,okhotsk,51.51,-0.13,288.15,82,1,3.6,GB,1592535610
876,samut songkhram,51.51,-0.13,288.15,82,1,3.6,GB,1592535606
877,srednekolymsk,51.51,-0.13,288.15,82,1,3.6,GB,1592535606
878,vanavara,51.51,-0.13,288.15,82,1,3.6,GB,1592535686
879,pierre,51.51,-0.13,288.15,82,1,3.6,GB,1592535606
880,winnemucca,51.51,-0.13,288.15,82,1,3.6,GB,1592535791
881,tura,51.51,-0.13,288.15,82,1,3.6,GB,1592535791
882,bubaque,51.51,-0.13,288.15,82,1,3.6,GB,1592535791
883,balabac,51.51,-0.13,288.15,82,1,3.6,GB,1592535791
884,necochea,51.51,-0.13,288.15,82,1,3.6,GB,1592535791
885,grand river south east,51.51,-0.13,288.15,82,1,3.6,GB,1592535686
886,mahon,51.51,-0.13,288.15,82,1,3.6,GB,1592535791
887,topaipi,51.51,-0.13,288.15,82,1,3.6,GB,1592535686
888,grand gaube,51.51,-0.13,288.15,82,1,3.6,GB,1592535610
889,minot,51.51,-0.13,288.15,82,1,3.6,GB,1592535606
890,upernavik,51.51,-0.13,288.15,82,1,3.6,GB,1592535606
891,veselynove,51.51,-0.13,288.15,82,1,3.6,GB,1592535606
892,dalbandin,51.51,-0.13,288.15,82,1,3.6,GB,1592535606
893,chardara,51.51,-0.13,288.15,82,1,3.6,GB,1592535606
894,pantelho,51.51,-0.13,288.15,82,1,3.6,GB,1592535791
895,poros,51.51,-0.13,288.15,82,1,3.6,GB,1592535791
896,varzea alegre,51.51,-0.13,288.15,82,1,3.6,GB,1592535791
897,kalmunai,51.51,-0.13,288.15,82,1,3.6,GB,1592535686
898,samoded,51.51,-0.13,288.15,82,1,3.6,GB,1592535791
899,brae,51.51,-0.13,288.15,82,1,3.6,GB,1592535606
900,taitung,51.51,-0.13,288.15,82,1,3.6,GB,1592535686
901,san policarpo,51.51,-0.13,288.15,82,1,3.6,GB,1592535686
902,fairbanks,51.51,-0.13,288.15,82,1,3.6,GB,1592535791
903,zhanjiang,51.51,-0.13,288.15,82,1,3.6,GB,1592535610
904,samarai,51.51,-0.13,288.15,82,1,3.6,GB,1592535791
905,inuvik,51.51,-0.13,288.15,82,1,3.6,GB,1592535686
906,manokwari,51.51,-0.13,288.15,82,1,3.6,GB,1592535610
907,adrar,51.51,-0.13,288.15,82,1,3.6,GB,1592535686
908,safaga,51.51,-0.13,288.15,82,1,3.6,GB,1592535791
909,nhulunbuy,51.51,-0.13,288.15,82,1,3.6,GB,1592535791
910,pando,51.51,-0.13,288.15,82,1,3.6,GB,1592535791
911,pathein,51.51,-0.13,288.15,82,1,3.6,GB,1592535610
912,marsabit,51.51,-0.13,288.15,82,1,3.6,GB,1592535791
913,havoysund,51.51,-0.13,288.15,82,1,3.6,GB,1592535610
914,novoyegoryevskoye,51.51,-0.13,288.15,82,1,3.6,GB,1592535686
915,conceicao do araguaia,51.51,-0.13,288.15,82,1,3.6,GB,1592535686
916,pietersburg,51.51,-0.13,288.15,82,1,3.6,GB,1592535686
917,torbay,51.51,-0.13,288.15,82,1,3.6,GB,1592535686
918,melnikovo,51.51,-0.13,288.15,82,1,3.6,GB,1592535791
919,mumford,51.51,-0.13,288.15,82,1,3.6,GB,1592535610
920,touros,51.51,-0.13,288.15,82,1,3.6,GB,1592535791
921,arraial do cabo,51.51,-0.13,288.15,82,1,3.6,GB,1592535686
922,san patricio,51.51,-0.13,288.15,82,1,3.6,GB,1592535606
923,khandyga,51.51,-0.13,288.15,82,1,3.6,GB,1592535606
924,port hardy,51.51,-0.13,288.15,82,1,3.6,GB,1592535610
925,vao,51.51,-0.13,288.15,82,1,3.6,GB,1592535610
926,boddam,51.51,-0.13,288.15,82,1,3.6,GB,1592535610
927,amilly,51.51,-0.13,288.15,82,1,3.6,GB,1592535606
928,lorengau,51.51,-0.13,288.15,82,1,3.6,GB,1592535606
929,zambezi,51.51,-0.13,288.15,82,1,3.6,GB,1592535791
930,kimbe,51.51,-0.13,288.15,82,1,3.6,GB,1592535610
931,lucapa,51.51,-0.13,288.15,82,1,3.6,GB,1592535606
932,hoopstad,51.51,-0.13,288.15,82,1,3.6,GB,1592535686
933,kirakira,51.51,-0.13,288.15,82,1,3.6,GB,1592535606
934,umzimvubu,51.51,-0.13,288.15,82,1,3.6,GB,1592535686
935,iqaluit,51.51,-0.13,288.15,82,1,3.6,GB,1592535791
936,vila,51.51,-0.13,288.15,82,1,3.6,GB,1592535686
937,tsihombe,51.51,-0.13,288.15,82,1,3.6,GB,1592535791
938,agadez,51.51,-0.13,288.15,82,1,3.6,GB,1592535791
939,tabory,51.51,-0.13,288.15,82,1,3.6,GB,1592535610
940,loralai,51.51,-0.13,288.15,82,1,3.6,GB,1592535606
941,fort nelson,51.51,-0.13,288.15,82,1,3.6,GB,1592535610
942,tezu,51.51,-0.13,288.15,82,1,3.6,GB,1592535686
943,cartagena,51.51,-0.13,288.15,82,1,3.6,GB,1592535791
944,murgab,51.51,-0.13,288.15,82,1,3.6,GB,1592535610
945,skowhegan,51.51,-0.13,288.15,82,1,3.6,GB,1592535610
946,ballina,51.51,-0.13,288.15,82,1,3.6,GB,1592535606
947,airai,51.51,-0.13,288.15,82,1,3.6,GB,1592535686
948,leningradskiy,51.51,-0.13,288.15,82,1,3.6,GB,1592535686
949,vysokogornyy,51.51,-0.13,288.15,82,1,3.6,GB,1592535686
950,north bend,51.51,-0.13,288.15,82,1,3.6,GB,1592535791
951,quatre cocos,51.51,-0.13,288.15,82,1,3.6,GB,1592535686
952,newport,51.51,-0.13,288.15,82,1,3.6,GB,1592535686
953,portland,51.51,-0.13,288.15,82,1,3.6,GB,1592535791
954,kazalinsk,51.51,-0.13,288.15,82,1,3.6,GB,1592535686
955,gao,51.51,-0.13,288.15,82,1,3.6,GB,1592535686
956,hudiksvall,51.51,-0.13,288.15,82,1,3.6,GB,1592535606
957,porto novo,51.51,-0.13,288.15,82,1,3.6,GB,1592535606
958,richards bay,51.51,-0.13,288.15,82,1,3.6,GB,1592535610
959,kamenskoye,51.51,-0.13,288.15,82,1,3.6,GB,1592535686
960,brisbane,51.51,-0.13,288.15,82,1,3.6,GB,1592535686
961,camanducaia,51.51,-0.13,288.15,82,1,3.6,GB,1592535610
962,da lat,51.51,-0.13,288.15,82,1,3.6,GB,1592535610
963,te anau,51.51,-0.13,288.15,82,1,3.6,GB,1592535686
964,kodinsk,51.51,-0.13,288.15,82,1,3.6,GB,1592535686
965,yanam,51.51,-0.13,288.15,82,1,3.6,GB,1592535606
966,ambulu,51.51,-0.13,288.15,82,1,3.6,GB,1592535791
967,duderstadt,51.51,-0.13,288.15,82,1,3.6,GB,1592535686
968,ust-nera,51.51,-0.13,288.15,82,1,3.6,GB,1592535686
969,alotau,51.51,-0.13,288.15,82,1,3.6,GB,1592535610
970,barawe,51.51,-0.13,288.15,82,1,3.6,GB,1592535606
971,mount gambier,51.51,-0.13,288.15,82,1,3.6,GB,1592535606
972,zhezkazgan,51.51,-0.13,288.15,82,1,3.6,GB,1592535606
973,tahe,51.51,-0.13,288.15,82,1,3.6,GB,1592535686
974,faanui,51.51,-0.13,288.15,82,1,3.6,GB,1592535610
975,cidreira,51.51,-0.13,288.15,82,1,3.6,GB,1592535686
976,huarmey,51.51,-0.13,288.15,82,1,3.6,GB,1592535610
977,guaruja,51.51,-0.13,288.15,82,1,3.6,GB,1592535610
978,khailar,51.51,-0.13,288.15,82,1,3.6,GB,1592535791
979,pacific grove,51.51,-0.13,288.15,82,1,3.6,GB,1592535686
980,khorixas,51.51,-0.13,288.15,82,1,3.6,GB,1592535791
981,cockburn town,51.51,-0.13,288.15,82,1,3.6,GB,1592535610
982,karratha,51.51,-0.13,288.15,82,1,3.6,GB,1592535610
983,albertville,51.51,-0.13,288.15,82,1,3.6,GB,1592535686
984,moyale,51.51,-0.13,288.15,82,1,3.6,GB,1592535606
985,saint-georges,51.51,-0.13,288.15,82,1,3.6,GB,1592535686
986,zlotow,51.51,-0.13,288.15,82,1,3.6,GB,1592535791
987,chamrajnagar,51.51,-0.13,288.15,82,1,3.6,GB,1592535606
988,iskateley,51.51,-0.13,288.15,82,1,3.6,GB,1592535686
989,krasnoselkup,51.51,-0.13,288.15,82,1,3.6,GB,1592535606
990,torres,51.51,-0.13,288.15,82,1,3.6,GB,1592535791
991,prince rupert,51.51,-0.13,288.15,82,1,3.6,GB,1592535606
992,yining,51.51,-0.13,288.15,82,1,3.6,GB,1592535791
993,hambantota,51.51,-0.13,288.15,82,1,3.6,GB,1592535686
994,ampanihy,51.51,-0.13,288.15,82,1,3.6,GB,1592535610
995,nalut,51.51,-0.13,288.15,82,1,3.6,GB,1592535606
996,smidovich,51.51,-0.13,288.15,82,1,3.6,GB,1592535610
997,scarborough,51.51,-0.13,288.15,82,1,3.6,GB,1592535606
998,raudeberg,51.51,-0.13,288.15,82,1,3.6,GB,1592535791
999,juneau,51.51,-0.13,288.15,82,1,3.6,GB,1592535686
1000,cotacachi,51.51,-0.13,288.15,82,1,3.6,GB,1592535606
1001,lodhikheda,51.51,-0.13,288.15,82,1,3.6,GB,1592535791
1002,manbij,51.51,-0.13,288.15,82,1,3.6,GB,1592535791
1003,galesong,51.51,-0.13,288.15,82,1,3.6,GB,1592535686
1004,eureka,51.51,-0.13,288.15,82,1,3.6,GB,1592535606
1005,sobolevo,51.51,-0.13,288.15,82,1,3.6,GB,1592535606
1006,vagur,51.51,-0.13,288.15,82,1,3.6,GB,1592535610
1007,dera ismail khan,51.51,-0.13,288.15,82,1,3.6,GB,1592535686
1008,naugarzan,51.51,-0.13,288.15,82,1,3.6,GB,1592535610
1009,tshikapa,51.51,-0.13,288.15,82,1,3.6,GB,1592535610
1010,portoferraio,51.51,-0.13,288.15,82,1,3.6,GB,1592535686
1011,marsh harbour,51.51,-0.13,288.15,82,1,3.6,GB,1592535686
1012,saint-joseph,51.51,-0.13,288.15,82,1,3.6,GB,1592535606
1013,khash,51.51,-0.13,288.15,82,1,3.6,GB,1592535686
1014,gat,51.51,-0.13,288.15,82,1,3.6,GB,1592535606
1015,beringovskiy,51.51,-0.13,288.15,82,1,3.6,GB,1592535610
1016,half moon bay,51.51,-0.13,288.15,82,1,3.6,GB,1592535606
1017,plettenberg bay,51.51,-0.13,288.15,82,1,3.6,GB,1592535610
1018,san andres del rabanedo,51.51,-0.13,288.15,82,1,3.6,GB,1592535791
1019,chokurdakh,51.51,-0.13,288.15,82,1,3.6,GB,1592535791
1020,mandi,51.51,-0.13,288.15,82,1,3.6,GB,1592535791
1021,byron bay,51.51,-0.13,288.15,82,1,3.6,GB,1592535791
1022,mitu,51.51,-0.13,288.15,82,1,3.6,GB,1592535606
1023,puerto colombia,51.51,-0.13,288.15,82,1,3.6,GB,1592535610
1024,bambanglipuro,51.51,-0.13,288.15,82,1,3.6,GB,1592535791
1025,linjiang,51.51,-0.13,288.15,82,1,3.6,GB,1592535791
1026,bumba,51.51,-0.13,288.15,82,1,3.6,GB,1592535686
1027,tagusao,51.51,-0.13,288.15,82,1,3.6,GB,1592535791
1028,silopi,51.51,-0.13,288.15,82,1,3.6,GB,1592535606
1029,skagastrond,51.51,-0.13,288.15,82,1,3.6,GB,1592535791
1030,poum,51.51,-0.13,288.15,82,1,3.6,GB,1592535606
1031,hamilton,51.51,-0.13,288.15,82,1,3.6,GB,1592535791
1032,linhares,51.51,-0.13,288.15,82,1,3.6,GB,1592535610
1033,matadi,51.51,-0.13,288.15,82,1,3.6,GB,1592535610
1034,saldanha,51.51,-0.13,288.15,82,1,3.6,GB,1592535791
1035,rush,51.51,-0.13,288.15,82,1,3.6,GB,1592535610
1036,sechura,51.51,-0.13,288.15,82,1,3.6,GB,1592535791
1037,harrismith,51.51,-0.13,288.15,82,1,3.6,GB,1592535791
1038,makakilo city,51.51,-0.13,288.15,82,1,3.6,GB,1592535606
1039,isangel,51.51,-0.13,288.15,82,1,3.6,GB,1592535686
1040,erzin,51.51,-0.13,288.15,82,1,3.6,GB,1592535686
1041,coquimbo,51.51,-0.13,288.15,82,1,3.6,GB,1592535791
1042,zhitikara,51.51,-0.13,288.15,82,1,3.6,GB,1592535686
1043,rivadavia,51.51,-0.13,288.15,82,1,3.6,GB,1592535686
1044,naftah,51.51,-0.13,288.15,82,1,3.6,GB,1592535791
1045,mullaitivu,51.51,-0.13,288.15,82,1,3.6,GB,1592535791
1046,kaeo,51.51,-0.13,288.15,82,1,3.6,GB,1592535610
1047,semporna,51.51,-0.13,288.15,82,1,3.6,GB,1592535606
1048,port macquarie,51.51,-0.13,288.15,82,1,3.6,GB,1592535606
1049,tamiahua,51.51,-0.13,288.15,82,1,3.6,GB,1592535610
1050,comodoro rivadavia,51.51,-0.13,288.15,82,1,3.6,GB,1592535606
1051,asau,51.51,-0.13,288.15,82,1,3.6,GB,1592535791
1052,bereda,51.51,-0.13,288.15,82,1,3.6,GB,1592535791
1053,calama,51.51,-0.13,288.15,82,1,3.6,GB,1592535610
1054,sovetskaya gavan,51.51,-0.13,288.15,82,1,3.6,GB,1592535610
1055,kutum,51.51,-0.13,288.15,82,1,3.6,GB,1592535610
1056,calvia,51.51,-0.13,288.15,82,1,3.6,GB,1592535791
1057,port keats,51.51,-0.13,288.15,82,1,3.6,GB,1592535686
1058,gdynia,51.51,-0.13,288.15,82,1,3.6,GB,1592535791
1059,diffa,51.51,-0.13,288.15,82,1,3.6,GB,1592535791
1060,vestmanna,51.51,-0.13,288.15,82,1,3.6,GB,1592535686
1061,rafraf,51.51,-0.13,288.15,82,1,3.6,GB,1592535686
1062,ayutla,51.51,-0.13,288.15,82,1,3.6,GB,1592535686
1063,kremenchuk,51.51,-0.13,288.15,82,1,3.6,GB,1592535305
1064,rodas,51.51,-0.13,288.15,82,1,3.6,GB,1592535380
1065,parana,51.51,-0.13,288.15,82,1,3.6,GB,1592535380
1066,abu kamal,51.51,-0.13,288.15,82,1,3.6,GB,1592535310
1067,dhidhdhoo,51.51,-0.13,288.15,82,1,3.6,GB,1592535310
1068,kirkwall,51.51,-0.13,288.15,82,1,3.6,GB,1592535305
1069,vila do maio,51.51,-0.13,288.15,82,1,3.6,GB,1592535489
1070,aklavik,51.51,-0.13,288.15,82,1,3.6,GB,1592535380
1071,zadar,51.51,-0.13,288.15,82,1,3.6,GB,1592535791
1072,thinadhoo,51.51,-0.13,288.15,82,1,3.6,GB,1592535791
1073,lunca de sus,51.51,-0.13,288.15,82,1,3.6,GB,1592535791
1074,salo,51.51,-0.13,288.15,82,1,3.6,GB,1592535791
1075,korla,51.51,-0.13,288.15,82,1,3.6,GB,1592535791
1076,okakarara,51.51,-0.13,288.15,82,1,3.6,GB,1592535791
1077,san ramon,51.51,-0.13,288.15,82,1,3.6,GB,1592535610
1078,parnamirim,51.51,-0.13,288.15,82,1,3.6,GB,1592535791
1079,suratgarh,51.51,-0.13,288.15,82,1,3.6,GB,1592535791
1080,nkhotakota,51.51,-0.13,288.15,82,1,3.6,GB,1592535610
1081,naze,51.51,-0.13,288.15,82,1,3.6,GB,1592535791
1082,pervomayskoye,51.51,-0.13,288.15,82,1,3.6,GB,1592535610
1083,lumphat,51.51,-0.13,288.15,82,1,3.6,GB,1592535606
1084,rundu,51.51,-0.13,288.15,82,1,3.6,GB,1592535791
1085,gimli,51.51,-0.13,288.15,82,1,3.6,GB,1592535791
1086,tabiauea,51.51,-0.13,288.15,82,1,3.6,GB,1592535606
1087,mutsamudu,51.51,-0.13,288.15,82,1,3.6,GB,1592535610
1088,grandview,51.51,-0.13,288.15,82,1,3.6,GB,1592535610
1089,tarudant,51.51,-0.13,288.15,82,1,3.6,GB,1592535606
1090,teya,51.51,-0.13,288.15,82,1,3.6,GB,1592535610
1091,rungata,51.51,-0.13,288.15,82,1,3.6,GB,1592535791
1092,tuatapere,51.51,-0.13,288.15,82,1,3.6,GB,1592535610
1093,kilindoni,51.51,-0.13,288.15,82,1,3.6,GB,1592535791
1094,bouillante,51.51,-0.13,288.15,82,1,3.6,GB,1592535610
1095,lixourion,51.51,-0.13,288.15,82,1,3.6,GB,1592535606
1096,rudbar,51.51,-0.13,288.15,82,1,3.6,GB,1592535686
1097,coahuayana,51.51,-0.13,288.15,82,1,3.6,GB,1592535686
1098,cherskiy,51.51,-0.13,288.15,82,1,3.6,GB,1592535686
1099,toba,51.51,-0.13,288.15,82,1,3.6,GB,1592535610
1100,santa cruz do capibaribe,51.51,-0.13,288.15,82,1,3.6,GB,1592535610
1101,tumannyy,51.51,-0.13,288.15,82,1,3.6,GB,1592535686
1102,sakaraha,51.51,-0.13,288.15,82,1,3.6,GB,1592535686
1103,sola,51.51,-0.13,288.15,82,1,3.6,GB,1592535606
1104,mana,51.51,-0.13,288.15,82,1,3.6,GB,1592535606
1105,gornopravdinsk,51.51,-0.13,288.15,82,1,3.6,GB,1592535791
1106,kumbo,51.51,-0.13,288.15,82,1,3.6,GB,1592535610
1107,nyurba,51.51,-0.13,288.15,82,1,3.6,GB,1592535686
1108,santa cruz de la palma,51.51,-0.13,288.15,82,1,3.6,GB,1592535906
1109,mecca,51.51,-0.13,288.15,82,1,3.6,GB,1592535610
1110,alta floresta,51.51,-0.13,288.15,82,1,3.6,GB,1592535610
1111,marovoay,51.51,-0.13,288.15,82,1,3.6,GB,1592535610
1112,letlhakane,51.51,-0.13,288.15,82,1,3.6,GB,1592535906
1113,cherepovets,51.51,-0.13,288.15,82,1,3.6,GB,1592535906
1114,skibbereen,51.51,-0.13,288.15,82,1,3.6,GB,1592535686
1115,tauranga,51.51,-0.13,288.15,82,1,3.6,GB,1592535686
1116,botshabelo,51.51,-0.13,288.15,82,1,3.6,GB,1592535610
1117,klaksvik,51.51,-0.13,288.15,82,1,3.6,GB,1592535610
1118,palana,51.51,-0.13,288.15,82,1,3.6,GB,1592535791
1119,ordynskoye,51.51,-0.13,288.15,82,1,3.6,GB,1592535906
1120,bam,51.51,-0.13,288.15,82,1,3.6,GB,1592535906
1121,kargasok,51.51,-0.13,288.15,82,1,3.6,GB,1592535610
1122,geraldton,51.51,-0.13,288.15,82,1,3.6,GB,1592535686
1123,usinsk,51.51,-0.13,288.15,82,1,3.6,GB,1592535906
1124,chemal,51.51,-0.13,288.15,82,1,3.6,GB,1592535791
1125,inderborskiy,51.51,-0.13,288.15,82,1,3.6,GB,1592535610
1126,ketchikan,51.51,-0.13,288.15,82,1,3.6,GB,1592535906
1127,faya,51.51,-0.13,288.15,82,1,3.6,GB,1592535791
1128,sur,51.51,-0.13,288.15,82,1,3.6,GB,1592535610
1129,muriwai beach,51.51,-0.13,288.15,82,1,3.6,GB,1592535686
1130,bagotville,51.51,-0.13,288.15,82,1,3.6,GB,1592535791
1131,kapasan,51.51,-0.13,288.15,82,1,3.6,GB,1592535791
1132,loei,51.51,-0.13,288.15,82,1,3.6,GB,1592535791
1133,laurel,51.51,-0.13,288.15,82,1,3.6,GB,1592535610
1134,poplar bluff,51.51,-0.13,288.15,82,1,3.6,GB,1592535610
1135,claveria,51.51,-0.13,288.15,82,1,3.6,GB,1592535610
1136,chaihe,51.51,-0.13,288.15,82,1,3.6,GB,1592535610
1137,jiwani,51.51,-0.13,288.15,82,1,3.6,GB,1592535906
1138,anadyr,51.51,-0.13,288.15,82,1,3.6,GB,1592535911
1139,asyut,51.51,-0.13,288.15,82,1,3.6,GB,1592535906
1140,dzhusaly,51.51,-0.13,288.15,82,1,3.6,GB,1592535906
1141,mackay,51.51,-0.13,288.15,82,1,3.6,GB,1592535906
1142,barranca,51.51,-0.13,288.15,82,1,3.6,GB,1592535906
1143,gudalur,51.51,-0.13,288.15,82,1,3.6,GB,1592535686
1144,valparaiso,51.51,-0.13,288.15,82,1,3.6,GB,1592535906
1145,el alto,51.51,-0.13,288.15,82,1,3.6,GB,1592535906
1146,borujan,51.51,-0.13,288.15,82,1,3.6,GB,1592535906
1147,belmonte,51.51,-0.13,288.15,82,1,3.6,GB,1592535791
1148,grafton,51.51,-0.13,288.15,82,1,3.6,GB,1592535791
1149,acajutla,51.51,-0.13,288.15,82,1,3.6,GB,1592535791
1150,noumea,51.51,-0.13,288.15,82,1,3.6,GB,1592535791
1151,dingle,51.51,-0.13,288.15,82,1,3.6,GB,1592535906
1152,saint george,51.51,-0.13,288.15,82,1,3.6,GB,1592535911
1153,puerto del rosario,51.51,-0.13,288.15,82,1,3.6,GB,1592535791
1154,laguna,51.51,-0.13,288.15,82,1,3.6,GB,1592535686
1155,tual,51.51,-0.13,288.15,82,1,3.6,GB,1592535686
1156,senmonorom,51.51,-0.13,288.15,82,1,3.6,GB,1592535911
1157,dukat,51.51,-0.13,288.15,82,1,3.6,GB,1592535791
1158,nouadhibou,51.51,-0.13,288.15,82,1,3.6,GB,1592535911
1159,santa helena de goias,51.51,-0.13,288.15,82,1,3.6,GB,1592535686
1160,acari,51.51,-0.13,288.15,82,1,3.6,GB,1592535791
1161,mao,51.51,-0.13,288.15,82,1,3.6,GB,1592535686
1162,zhaotong,51.51,-0.13,288.15,82,1,3.6,GB,1592535911
1163,sao felix do xingu,51.51,-0.13,288.15,82,1,3.6,GB,1592535686
1164,pedernales,51.51,-0.13,288.15,82,1,3.6,GB,1592535911
1165,catuday,51.51,-0.13,288.15,82,1,3.6,GB,1592535911
1166,namibe,51.51,-0.13,288.15,82,1,3.6,GB,1592535906
1167,rawson,51.51,-0.13,288.15,82,1,3.6,GB,1592535906
1168,libreville,51.51,-0.13,288.15,82,1,3.6,GB,1592535791
1169,stoyba,51.51,-0.13,288.15,82,1,3.6,GB,1592535791
1170,sawakin,51.51,-0.13,288.15,82,1,3.6,GB,1592535911
1171,altay,51.51,-0.13,288.15,82,1,3.6,GB,1592535911
1172,goure,51.51,-0.13,288.15,82,1,3.6,GB,1592535686
1173,svetlaya,51.51,-0.13,288.15,82,1,3.6,GB,1592535686
1174,zyryanskoye,51.51,-0.13,288.15,82,1,3.6,GB,1592535911
1175,ahuimanu,51.51,-0.13,288.15,82,1,3.6,GB,1592535791
1176,wewak,51.51,-0.13,288.15,82,1,3.6,GB,1592535686
1177,chimore,51.51,-0.13,288.15,82,1,3.6,GB,1592535686
1178,eldikan,51.51,-0.13,288.15,82,1,3.6,GB,1592535791
1179,pangody,51.51,-0.13,288.15,82,1,3.6,GB,1592535911
1180,arlit,51.51,-0.13,288.15,82,1,3.6,GB,1592535911
1181,cartagena del chaira,51.51,-0.13,288.15,82,1,3.6,GB,1592535686
1182,dalvik,51.51,-0.13,288.15,82,1,3.6,GB,1592535911
1183,sidney,51.51,-0.13,288.15,82,1,3.6,GB,1592535911
1184,kamyaran,51.51,-0.13,288.15,82,1,3.6,GB,1592535791
1185,sampit,51.51,-0.13,288.15,82,1,3.6,GB,1592535686
1186,alexandria,51.51,-0.13,288.15,82,1,3.6,GB,1592535911
1187,port lincoln,51.51,-0.13,288.15,82,1,3.6,GB,1592535686
1188,anloga,51.51,-0.13,288.15,82,1,3.6,GB,1592535791
1189,guajara-mirim,51.51,-0.13,288.15,82,1,3.6,GB,1592535791
1190,ormara,51.51,-0.13,288.15,82,1,3.6,GB,1592535911
1191,crailsheim,51.51,-0.13,288.15,82,1,3.6,GB,1592535906
1192,charlestown,51.51,-0.13,288.15,82,1,3.6,GB,1592535791
1193,douentza,51.51,-0.13,288.15,82,1,3.6,GB,1592535911
1194,genhe,51.51,-0.13,288.15,82,1,3.6,GB,1592535686
1195,warrington,51.51,-0.13,288.15,82,1,3.6,GB,1592535911
1196,eyl,51.51,-0.13,288.15,82,1,3.6,GB,1592535911
1197,denia,51.51,-0.13,288.15,82,1,3.6,GB,1592535686
1198,isla vista,51.51,-0.13,288.15,82,1,3.6,GB,1592535791
1199,sorland,51.51,-0.13,288.15,82,1,3.6,GB,1592535906
1200,henties bay,51.51,-0.13,288.15,82,1,3.6,GB,1592535911
1201,kuryk,51.51,-0.13,288.15,82,1,3.6,GB,1592535791
1202,kocani,51.51,-0.13,288.15,82,1,3.6,GB,1592535686
1203,qingdao,51.51,-0.13,288.15,82,1,3.6,GB,1592535911
1204,huizhou,51.51,-0.13,288.15,82,1,3.6,GB,1592535906
1205,mianyang,51.51,-0.13,288.15,82,1,3.6,GB,1592535911
1206,killarney,51.51,-0.13,288.15,82,1,3.6,GB,1592535911
1207,culebra,51.51,-0.13,288.15,82,1,3.6,GB,1592535791
1208,kabanjahe,51.51,-0.13,288.15,82,1,3.6,GB,1592535686
1209,macamic,51.51,-0.13,288.15,82,1,3.6,GB,1592535911
1210,iralaya,51.51,-0.13,288.15,82,1,3.6,GB,1592535791
1211,tomatlan,51.51,-0.13,288.15,82,1,3.6,GB,1592535791
1212,pokosnoye,51.51,-0.13,288.15,82,1,3.6,GB,1592535791
1213,san julian,51.51,-0.13,288.15,82,1,3.6,GB,1592535906
1214,hillsboro,51.51,-0.13,288.15,82,1,3.6,GB,1592535906
1215,rockport,51.51,-0.13,288.15,82,1,3.6,GB,1592535686
1216,sambava,51.51,-0.13,288.15,82,1,3.6,GB,1592535906
1217,luwuk,51.51,-0.13,288.15,82,1,3.6,GB,1592535686
1218,trinidad,51.51,-0.13,288.15,82,1,3.6,GB,1592535906
1219,tigil,51.51,-0.13,288.15,82,1,3.6,GB,1592535791
1220,suffolk,51.51,-0.13,288.15,82,1,3.6,GB,1592535906
1221,warqla,51.51,-0.13,288.15,82,1,3.6,GB,1592535911
1222,manta,51.51,-0.13,288.15,82,1,3.6,GB,1592535686
1223,mehran,51.51,-0.13,288.15,82,1,3.6,GB,1592535791
1224,buchanan,51.51,-0.13,288.15,82,1,3.6,GB,1592535686
1225,batsfjord,51.51,-0.13,288.15,82,1,3.6,GB,1592535906
1226,burica,51.51,-0.13,288.15,82,1,3.6,GB,1592535686
1227,sentyabrskiy,51.51,-0.13,288.15,82,1,3.6,GB,1592535906
1228,mayya,51.51,-0.13,288.15,82,1,3.6,GB,1592535911
1229,santa maria,51.51,-0.13,288.15,82,1,3.6,GB,1592535911
1230,temaraia,51.51,-0.13,288.15,82,1,3.6,GB,1592535906
1231,coari,51.51,-0.13,288.15,82,1,3.6,GB,1592535911
1232,orlovskiy,51.51,-0.13,288.15,82,1,3.6,GB,1592535911
1233,ozu,51.51,-0.13,288.15,82,1,3.6,GB,1592535906
1234,goderich,51.51,-0.13,288.15,82,1,3.6,GB,1592535791
1235,ahipara,51.51,-0.13,288.15,82,1,3.6,GB,1592535686
